R_INDEX_V,ID,R_EMPRESA_V,R_FECHA_EMISION_VP,R_NUMERO_VP,R_REF_ODOO_VP,R_CLIENTE_V,R_IMPORTE_V,R_ACUMULADO_V,R_FECHA_MAX_FACTURACION_V
5796-C-V/00001,1,ADG32 5796 NSACARES SL,17/10/2025,1377533,C-V/00001,COMERCIAL CALCO SA,"3546,51","3546,51",24/10/2025
5796-C-V/00002,2,ADG32 5796 NSACARES SL,17/10/2025,1377534,C-V/00002,COMERCIAL CALCO SA,"3230,7","6777,21",24/10/2025
5796-C-V/00003,3,ADG32 5796 NSACARES SL,17/10/2025,1377535,C-V/00003,BIGCORP SL,"3924,03","10701,24",24/10/2025
5796-C-V/00004,4,ADG32 5796 NSACARES SL,17/10/2025,1377536,C-V/00004,COMERCIAL CALCO SA,"4533,87","15235,11",24/10/2025
5796-C-V/00005,5,ADG32 5796 NSACARES SL,27/10/2025,1381446,C-V/00005,BIGCORP SL,"3644,52","18879,63",31/10/2025
5796-C-V/00006,6,ADG32 5796 NSACARES SL,28/10/2025,1382148,C-V/00006,COMERCIAL CALCO SA,"3368,64","22248,27",31/10/2025
5796-C-V/00007,7,ADG32 5796 NSACARES SL,29/10/2025,1382685,C-V/00007,COMERCIAL CALCO SA,"4435,86","26684,13",31/10/2025
5796-C-V/00008,8,ADG32 5796 NSACARES SL,03/11/2025,1385714,C-V/00008,BIGCORP SL,"3198,03","29882,16",07/11/2025
5796-C-V/00009,9,ADG32 5796 NSACARES SL,04/11/2025,1386332,C-V/00009,BIGCORP SL,"4236,21","34118,37",07/11/2025
5796-C-V/00010,10,ADG32 5796 NSACARES SL,05/11/2025,1387167,C-V/00010,COMERCIAL CALCO SA,"4552,02","38670,39",07/11/2025
5796-C-V/00011,11,ADG32 5796 NSACARES SL,10/11/2025,1389666,C-V/00011,COMERCIAL CALCO SA,"4308,81","42979,20",14/11/2025
5796-C-V/00012,12,ADG32 5796 NSACARES SL,11/11/2025,1390519,C-V/00012,BIGCORP SL,"4686,33","47665,53",14/11/2025
5796-C-V/00013,13,ADG32 5796 NSACARES SL,12/11/2025,1391447,C-V/00013,COMERCIAL CALCO SA,"3786,09","51451,62",14/11/2025
5796-C-V/00014,14,ADG32 5796 NSACARES SL,17/11/2025,1394522,C-V/00014,BIGCORP SL,"3669,93","55121,55",21/11/2025
5796-C-V/00015,15,ADG32 5796 NSACARES SL,18/11/2025,1395415,C-V/00015,COMERCIAL CALCO SA,"3571,92","58693,47",21/11/2025
5796-C-V/00016,16,ADG32 5796 NSACARES SL,19/11/2025,1396544,C-V/00016,COMERCIAL CALCO SA,"3397,68","62091,15",21/11/2025
5796-C-V/00017,17,ADG32 5796 NSACARES SL,24/11/2025,1399587,C-V/00017,COMERCIAL CALCO SA,"3884,1","65975,25",28/11/2025
5796-C-V/00018,18,ADG32 5796 NSACARES SL,25/11/2025,1400588,C-V/00018,COMERCIAL CALCO SA,"3346,86","69322,11",28/11/2025
5796-C-V/00019,19,ADG32 5796 NSACARES SL,26/11/2025,1401649,C-V/00019,COMERCIAL CALCO SA,"4232,58","73554,69",28/11/2025
5796-C-V/00020,20,ADG32 5796 NSACARES SL,01/12/2025,1404611,C-V/00020,COMERCIAL CALCO SA,"3724,38","77279,07",05/12/2025
5796-C-V/00021,21,ADG32 5796 NSACARES SL,02/12/2025,1405704,C-V/00021,COMERCIAL CALCO SA,"3985,74","81264,81",05/12/2025
5796-C-V/00022,22,ADG32 5796 NSACARES SL,03/12/2025,1406705,C-V/00022,COMERCIAL CALCO SA,"3934,92","85199,73",05/12/2025
5796-C-V/00023,23,ADG32 5796 NSACARES SL,08/12/2025,1409438,C-V/00023,BIGCORP SL,"4080,12","89279,85",12/12/2025
5796-C-V/00024,24,ADG32 5796 NSACARES SL,09/12/2025,1410290,C-V/00024,COMERCIAL CALCO SA,"3891,36","93171,21",12/12/2025
5796-C-V/00025,25,ADG32 5796 NSACARES SL,10/12/2025,1411451,C-V/00025,BIGCORP SL,"4319,7","97490,91",12/12/2025
5796-C-V/00027,26,ADG32 5796 NSACARES SL,15/12/2025,1414533,C-V/00027,BIGCORP SL,"4381,41","101872,32",19/12/2025
5796-C-V/00028,27,ADG32 5796 NSACARES SL,16/12/2025,1415447,C-V/00028,COMERCIAL CALCO SA,"3855,06","105727,38",19/12/2025
5796-C-V/00029,28,ADG32 5796 NSACARES SL,17/12/2025,1416358,C-V/00029,BIGCORP SL,"4116,42","109843,80",19/12/2025
6265-C-V/00001,1,ADG32 6265 SMORENO SL,17/10/2025,1377599,C-V/00001,BIGCORP SL,"3758,87","3758,87",24/10/2025
6265-C-V/00004,2,ADG32 6265 SMORENO SL,17/10/2025,1377600,C-V/00004,COMERCIAL CALCO SA,"3956,7","7715,57",24/10/2025
6265-C-V/00003,3,ADG32 6265 SMORENO SL,17/10/2025,1377601,C-V/00003,COMERCIAL CALCO SA,"3659,04","11374,61",24/10/2025
6265-C-V/00002,4,ADG32 6265 SMORENO SL,17/10/2025,1377602,C-V/00002,BIGCORP SL,"4417,71","15792,32",24/10/2025
6265-C-V/00006,5,ADG32 6265 SMORENO SL,27/10/2025,1381489,C-V/00006,BIGCORP SL,"3568,29","19360,61",31/10/2025
6265-C-V/00007,6,ADG32 6265 SMORENO SL,28/10/2025,1382167,C-V/00007,COMERCIAL CALCO SA,"4067,42","23428,03",31/10/2025
6265-C-V/00008,7,ADG32 6265 SMORENO SL,29/10/2025,1382715,C-V/00008,COMERCIAL CALCO SA,"3956,7","27384,73",31/10/2025
6265-C-V/00011,8,ADG32 6265 SMORENO SL,03/11/2025,1385757,C-V/00011,COMERCIAL CALCO SA,"4172,69","31557,42",07/11/2025
6265-C-V/00010,9,ADG32 6265 SMORENO SL,04/11/2025,1386371,C-V/00010,COMERCIAL CALCO SA,"4352,37","35909,79",07/11/2025
6265-C-V/00009,10,ADG32 6265 SMORENO SL,05/11/2025,1387189,C-V/00009,BIGCORP SL,"4684,52","40594,31",07/11/2025
6265-C-V/00012,11,ADG32 6265 SMORENO SL,10/11/2025,1389694,C-V/00012,BIGCORP SL,"3257,93","43852,24",14/11/2025
6265-C-V/00014,12,ADG32 6265 SMORENO SL,11/11/2025,1390555,C-V/00014,COMERCIAL CALCO SA,"4432,23","48284,47",14/11/2025
6265-C-V/00013,13,ADG32 6265 SMORENO SL,12/11/2025,1391473,C-V/00013,BIGCORP SL,"3780,65","52065,12",14/11/2025
6265-C-V/00015,14,ADG32 6265 SMORENO SL,17/11/2025,1394549,C-V/00015,BIGCORP SL,"4096,46","56161,58",21/11/2025
6265-C-V/00016,15,ADG32 6265 SMORENO SL,18/11/2025,1395442,C-V/00016,COMERCIAL CALCO SA,"4267,07","60428,65",21/11/2025
6265-C-V/00017,16,ADG32 6265 SMORENO SL,19/11/2025,1396572,C-V/00017,COMERCIAL CALCO SA,"4274,33","64702,98",21/11/2025
6265-C-V/00018,17,ADG32 6265 SMORENO SL,24/11/2025,1399606,C-V/00018,BIGCORP SL,"4758,93","69461,91",28/11/2025
6265-C-V/00019,18,ADG32 6265 SMORENO SL,25/11/2025,1400613,C-V/00019,COMERCIAL CALCO SA,"4183,58","73645,49",28/11/2025
6265-C-V/00020,19,ADG32 6265 SMORENO SL,26/11/2025,1401675,C-V/00020,COMERCIAL CALCO SA,"3773,39","77418,88",28/11/2025
6265-C-V/00021,20,ADG32 6265 SMORENO SL,01/12/2025,1404641,C-V/00021,BIGCORP SL,"4196,28","81615,16",05/12/2025
6265-C-V/00022,21,ADG32 6265 SMORENO SL,02/12/2025,1405725,C-V/00022,COMERCIAL CALCO SA,"4437,68","86052,84",05/12/2025
6265-C-V/00023,22,ADG32 6265 SMORENO SL,03/12/2025,1406731,C-V/00023,COMERCIAL CALCO SA,"4123,68","90176,52",05/12/2025
6265-C-V/00026,23,ADG32 6265 SMORENO SL,08/12/2025,1409457,C-V/00026,BIGCORP SL,"3524,73","93701,25",12/12/2025
6265-C-V/00024,24,ADG32 6265 SMORENO SL,09/12/2025,1410315,C-V/00024,COMERCIAL CALCO SA,"4359,63","98060,88",12/12/2025
6265-C-V/00025,25,ADG32 6265 SMORENO SL,10/12/2025,1411478,C-V/00025,BIGCORP SL,"3731,64","101792,52",12/12/2025
6265-C-V/00028,26,ADG32 6265 SMORENO SL,15/12/2025,1414542,C-V/00028,BIGCORP SL,"3894,99","105687,51",19/12/2025
6265-C-V/00029,27,ADG32 6265 SMORENO SL,16/12/2025,1415472,C-V/00029,BIGCORP SL,"3381,35","109068,86",19/12/2025
6265-C-V/00030,28,ADG32 6265 SMORENO SL,17/12/2025,1416381,C-V/00030,BIGCORP SL,"3301,49","112370,35",19/12/2025
6320-C-V/00001,1,ADG32 6320 MNAVARRO SL,17/10/2025,1377677,C-V/00001,COMERCIAL CALCO SA,"3550,14","3550,14",24/10/2025
6320-C-V/00004,2,ADG32 6320 MNAVARRO SL,17/10/2025,1377678,C-V/00004,BIGCORP SL,"3481,17","7031,31",24/10/2025
6320-C-V/00003,3,ADG32 6320 MNAVARRO SL,17/10/2025,1377680,C-V/00003,BIGCORP SL,"3212,55","10243,86",24/10/2025
6320-C-V/00002,4,ADG32 6320 MNAVARRO SL,17/10/2025,1377681,C-V/00002,COMERCIAL CALCO SA,"3807,87","14051,73",24/10/2025
6320-C-V/00005,5,ADG32 6320 MNAVARRO SL,27/10/2025,1381527,C-V/00005,BIGCORP SL,"4069,23","18120,96",31/10/2025
6320-C-V/00006,6,ADG32 6320 MNAVARRO SL,28/10/2025,1382200,C-V/00006,COMERCIAL CALCO SA,"4519,35","22640,31",31/10/2025
6320-C-V/00007,7,ADG32 6320 MNAVARRO SL,29/10/2025,1382742,C-V/00007,BIGCORP SL,"4787,97","27428,28",31/10/2025
6320-C-V/00011,8,ADG32 6320 MNAVARRO SL,03/11/2025,1385775,C-V/00011,COMERCIAL CALCO SA,"3346,86","30775,14",07/11/2025
6320-C-V/00010,9,ADG32 6320 MNAVARRO SL,04/11/2025,1386405,C-V/00010,BIGCORP SL,"4127,31","34902,45",07/11/2025
6320-C-V/00012,10,ADG32 6320 MNAVARRO SL,05/11/2025,1387220,C-V/00012,BIGCORP SL,"4439,49","39341,94",07/11/2025
6320-C-V/00013,11,ADG32 6320 MNAVARRO SL,10/11/2025,1389710,C-V/00013,BIGCORP SL,"3931,29","43273,23",14/11/2025
6320-C-V/00016,12,ADG32 6320 MNAVARRO SL,11/11/2025,1390585,C-V/00016,COMERCIAL CALCO SA,"3651,78","46925,01",14/11/2025
6320-C-V/00017,13,ADG32 6320 MNAVARRO SL,12/11/2025,1391499,C-V/00017,COMERCIAL CALCO SA,"4112,79","51037,80",14/11/2025
6320-C-V/00018,14,ADG32 6320 MNAVARRO SL,17/11/2025,1394577,C-V/00018,BIGCORP SL,"4370,52","55408,32",21/11/2025
6320-C-V/00019,15,ADG32 6320 MNAVARRO SL,18/11/2025,1395490,C-V/00019,BIGCORP SL,"3844,17","59252,49",21/11/2025
6320-C-V/00020,16,ADG32 6320 MNAVARRO SL,19/11/2025,1396597,C-V/00020,COMERCIAL CALCO SA,"4617,36","63869,85",21/11/2025
6320-C-V/00021,17,ADG32 6320 MNAVARRO SL,24/11/2025,1399647,C-V/00021,COMERCIAL CALCO SA,"4479,42","68349,27",28/11/2025
6320-C-V/00022,18,ADG32 6320 MNAVARRO SL,25/11/2025,1400661,C-V/00022,BIGCORP SL,"4758,93","73108,20",28/11/2025
6320-C-V/00024,19,ADG32 6320 MNAVARRO SL,26/11/2025,1401707,C-V/00024,BIGCORP SL,"4646,4","77754,60",28/11/2025
6320-C-V/00025,20,ADG32 6320 MNAVARRO SL,01/12/2025,1404688,C-V/00025,COMERCIAL CALCO SA,"4040,19","81794,79",05/12/2025
6320-C-V/00026,21,ADG32 6320 MNAVARRO SL,02/12/2025,1405739,C-V/00026,COMERCIAL CALCO SA,"4287,03","86081,82",05/12/2025
6320-C-V/00027,22,ADG32 6320 MNAVARRO SL,03/12/2025,1406762,C-V/00027,COMERCIAL CALCO SA,"4152,72","90234,54",05/12/2025
6320-C-V/00028,23,ADG32 6320 MNAVARRO SL,08/12/2025,1409472,C-V/00028,BIGCORP SL,"4475,79","94710,33",12/12/2025
6320-C-V/00029,24,ADG32 6320 MNAVARRO SL,09/12/2025,1410331,C-V/00029,BIGCORP SL,"4156,35","98866,68",12/12/2025
6320-C-V/00030,25,ADG32 6320 MNAVARRO SL,10/12/2025,1411498,C-V/00030,COMERCIAL CALCO SA,"4417,71","103284,39",12/12/2025
6320-C-V/00032,26,ADG32 6320 MNAVARRO SL,15/12/2025,1414556,C-V/00032,COMERCIAL CALCO SA,"3822,39","107106,78",19/12/2025
6320-C-V/00033,27,ADG32 6320 MNAVARRO SL,16/12/2025,1415486,C-V/00033,BIGCORP SL,"3767,94","110874,72",19/12/2025
6320-C-V/00034,28,ADG32 6320 MNAVARRO SL,17/12/2025,1416403,C-V/00034,BIGCORP SL,"4105,53","114980,25",19/12/2025
6352-C-V/00001,1,ADG32 6352 SAANANOU SL,17/10/2025,1377639,C-V/00001,BIGCORP SL,"3484,81","3484,81",24/10/2025
6352-C-V/00002,2,ADG32 6352 SAANANOU SL,17/10/2025,1377640,C-V/00002,BIGCORP SL,"4272,52","7757,33",24/10/2025
6352-C-V/00003,3,ADG32 6352 SAANANOU SL,17/10/2025,1377641,C-V/00003,COMERCIAL CALCO SA,"3749,79","11507,12",24/10/2025
6352-C-V/00004,4,ADG32 6352 SAANANOU SL,17/10/2025,1377642,C-V/00004,COMERCIAL CALCO SA,"3500,23","15007,35",24/10/2025
6352-C-V/00005,5,ADG32 6352 SAANANOU SL,27/10/2025,1381504,C-V/00005,BIGCORP SL,"3511,12","18518,47",31/10/2025
6352-C-V/00006,6,ADG32 6352 SAANANOU SL,28/10/2025,1382189,C-V/00006,BIGCORP SL,"3802,43","22320,90",31/10/2025
6352-C-V/00007,7,ADG32 6352 SAANANOU SL,29/10/2025,1382732,C-V/00007,BIGCORP SL,"4483,05","26803,95",31/10/2025
6352-C-V/00012,8,ADG32 6352 SAANANOU SL,03/11/2025,1385769,C-V/00012,BIGCORP SL,"4571,08","31375,03",07/11/2025
6352-C-V/00010,9,ADG32 6352 SAANANOU SL,04/11/2025,1386399,C-V/00010,COMERCIAL CALCO SA,"4070,14","35445,17",07/11/2025
6352-C-V/00011,10,ADG32 6352 SAANANOU SL,05/11/2025,1387203,C-V/00011,BIGCORP SL,"3223,45","38668,62",07/11/2025
6352-C-V/00013,11,ADG32 6352 SAANANOU SL,10/11/2025,1389701,C-V/00013,BIGCORP SL,"3247,94","41916,56",14/11/2025
6352-C-V/00014,12,ADG32 6352 SAANANOU SL,11/11/2025,1390579,C-V/00014,BIGCORP SL,"4012,06","45928,62",14/11/2025
6352-C-V/00015,13,ADG32 6352 SAANANOU SL,12/11/2025,1391492,C-V/00015,BIGCORP SL,"3919,5","49848,12",14/11/2025
6352-C-V/00016,14,ADG32 6352 SAANANOU SL,17/11/2025,1394564,C-V/00016,COMERCIAL CALCO SA,"3459,4","53307,52",21/11/2025
6352-C-V/00017,15,ADG32 6352 SAANANOU SL,18/11/2025,1395469,C-V/00017,BIGCORP SL,"3796,98","57104,50",21/11/2025
6352-C-V/00018,16,ADG32 6352 SAANANOU SL,19/11/2025,1396590,C-V/00018,BIGCORP SL,"4290,66","61395,16",21/11/2025
6352-C-V/00019,17,ADG32 6352 SAANANOU SL,24/11/2025,1399627,C-V/00019,COMERCIAL CALCO SA,"4649,13","66044,29",28/11/2025
6352-C-V/00020,18,ADG32 6352 SAANANOU SL,25/11/2025,1400641,C-V/00020,BIGCORP SL,"4759,84","70804,13",28/11/2025
6352-C-V/00021,19,ADG32 6352 SAANANOU SL,26/11/2025,1401689,C-V/00021,COMERCIAL CALCO SA,"4187,21","74991,34",28/11/2025
6352-C-V/00023,20,ADG32 6352 SAANANOU SL,01/12/2025,1404669,C-V/00023,COMERCIAL CALCO SA,"3524,74","78516,08",05/12/2025
6352-C-V/00022,21,ADG32 6352 SAANANOU SL,02/12/2025,1405733,C-V/00022,COMERCIAL CALCO SA,"4787,07","83303,15",05/12/2025
6352-C-V/00024,22,ADG32 6352 SAANANOU SL,03/12/2025,1406752,C-V/00024,BIGCORP SL,"3541,07","86844,22",05/12/2025
6352-C-V/00025,23,ADG32 6352 SAANANOU SL,08/12/2025,1409466,C-V/00025,COMERCIAL CALCO SA,"4601,93","91446,15",12/12/2025
6352-C-V/00026,24,ADG32 6352 SAANANOU SL,09/12/2025,1410325,C-V/00026,BIGCORP SL,"3450,32","94896,47",12/12/2025
6352-C-V/00027,25,ADG32 6352 SAANANOU SL,10/12/2025,1411488,C-V/00027,BIGCORP SL,"4504,84","99401,31",12/12/2025
6352-C-V/00029,26,ADG32 6352 SAANANOU SL,15/12/2025,1414550,C-V/00029,BIGCORP SL,"3278,8","102680,11",19/12/2025
6352-C-V/00030,27,ADG32 6352 SAANANOU SL,16/12/2025,1415480,C-V/00030,COMERCIAL CALCO SA,"3388,61","106068,72",19/12/2025
6352-C-V/00031,28,ADG32 6352 SAANANOU SL,17/12/2025,1416394,C-V/00031,BIGCORP SL,"3928,57","109997,29",19/12/2025
6356-C-V/00001,1,ADG32 6356 WAANANOU SL,17/10/2025,1377557,C-V/00001,BIGCORP SL,"4428,6","4428,60",24/10/2025
6356-C-V/00003,2,ADG32 6356 WAANANOU SL,17/10/2025,1377558,C-V/00003,COMERCIAL CALCO SA,"3798,8","8227,40",24/10/2025
6356-C-V/00004,3,ADG32 6356 WAANANOU SL,17/10/2025,1377559,C-V/00004,BIGCORP SL,"3905,88","12133,28",24/10/2025
6356-C-V/00005,4,ADG32 6356 WAANANOU SL,17/10/2025,1377560,C-V/00005,BIGCORP SL,"4702,67","16835,95",24/10/2025
6356-C-V/00008,5,ADG32 6356 WAANANOU SL,27/10/2025,1381470,C-V/00008,COMERCIAL CALCO SA,"3586,44","20422,39",31/10/2025
6356-C-V/00009,6,ADG32 6356 WAANANOU SL,28/10/2025,1382157,C-V/00009,COMERCIAL CALCO SA,"3791,54","24213,93",31/10/2025
6356-C-V/00007,7,ADG32 6356 WAANANOU SL,29/10/2025,1382703,C-V/00007,BIGCORP SL,"3417,65","27631,58",31/10/2025
6356-C-V/00011,8,ADG32 6356 WAANANOU SL,03/11/2025,1385734,C-V/00011,BIGCORP SL,"3744,35","31375,93",07/11/2025
6356-C-V/00012,9,ADG32 6356 WAANANOU SL,04/11/2025,1386348,C-V/00012,BIGCORP SL,"4011,15","35387,08",07/11/2025
6356-C-V/00010,10,ADG32 6356 WAANANOU SL,05/11/2025,1387175,C-V/00010,BIGCORP SL,"4768,01","40155,09",07/11/2025
6356-C-V/00013,11,ADG32 6356 WAANANOU SL,10/11/2025,1389679,C-V/00013,COMERCIAL CALCO SA,"4310,63","44465,72",14/11/2025
6356-C-V/00014,12,ADG32 6356 WAANANOU SL,11/11/2025,1390531,C-V/00014,COMERCIAL CALCO SA,"3884,1","48349,82",14/11/2025
6356-C-V/00015,13,ADG32 6356 WAANANOU SL,12/11/2025,1391459,C-V/00015,BIGCORP SL,"4472,16","52821,98",14/11/2025
6356-C-V/00016,14,ADG32 6356 WAANANOU SL,17/11/2025,1394540,C-V/00016,COMERCIAL CALCO SA,"3384,98","56206,96",21/11/2025
6356-C-V/00017,15,ADG32 6356 WAANANOU SL,18/11/2025,1395427,C-V/00017,COMERCIAL CALCO SA,"4601,03","60807,99",21/11/2025
6356-C-V/00018,16,ADG32 6356 WAANANOU SL,19/11/2025,1396558,C-V/00018,COMERCIAL CALCO SA,"3864,14","64672,13",21/11/2025
6356-C-V/00019,17,ADG32 6356 WAANANOU SL,24/11/2025,1399594,C-V/00019,BIGCORP SL,"3885,92","68558,05",28/11/2025
6356-C-V/00020,18,ADG32 6356 WAANANOU SL,25/11/2025,1400600,C-V/00020,BIGCORP SL,"3780,65","72338,70",28/11/2025
6356-C-V/00021,19,ADG32 6356 WAANANOU SL,26/11/2025,1401659,C-V/00021,BIGCORP SL,"3789,72","76128,42",28/11/2025
6356-C-V/00023,20,ADG32 6356 WAANANOU SL,01/12/2025,1404627,C-V/00023,COMERCIAL CALCO SA,"4042,01","80170,43",05/12/2025
6356-C-V/00024,21,ADG32 6356 WAANANOU SL,02/12/2025,1405713,C-V/00024,COMERCIAL CALCO SA,"4472,16","84642,59",05/12/2025
6356-C-V/00022,22,ADG32 6356 WAANANOU SL,03/12/2025,1406716,C-V/00022,BIGCORP SL,"4341,48","88984,07",05/12/2025
6356-C-V/00025,23,ADG32 6356 WAANANOU SL,08/12/2025,1409450,C-V/00025,COMERCIAL CALCO SA,"4203,54","93187,61",12/12/2025
6356-C-V/00026,24,ADG32 6356 WAANANOU SL,09/12/2025,1410302,C-V/00026,BIGCORP SL,"4254,36","97441,97",12/12/2025
6356-C-V/00027,25,ADG32 6356 WAANANOU SL,10/12/2025,1411462,C-V/00027,COMERCIAL CALCO SA,"3450,32","100892,29",12/12/2025
6356-C-V/00029,26,ADG32 6356 WAANANOU SL,15/12/2025,1414534,C-V/00029,COMERCIAL CALCO SA,"4210,8","105103,09",19/12/2025
6356-C-V/00030,27,ADG32 6356 WAANANOU SL,16/12/2025,1415460,C-V/00030,COMERCIAL CALCO SA,"4421,34","109524,43",19/12/2025
6356-C-V/00031,28,ADG32 6356 WAANANOU SL,17/12/2025,1416371,C-V/00031,BIGCORP SL,"4357,82","113882,25",19/12/2025
6366-C-V/00001,1,ADG32 6366 JMORAGUES SL,17/10/2025,1377605,C-V/00001,BIGCORP SL,"3631,82","3631,82",24/10/2025
6366-C-V/00003,2,ADG32 6366 JMORAGUES SL,17/10/2025,1377606,C-V/00003,BIGCORP SL,"3982,11","7613,93",24/10/2025
6366-C-V/00004,3,ADG32 6366 JMORAGUES SL,17/10/2025,1377607,C-V/00004,BIGCORP SL,"3760,68","11374,61",24/10/2025
6366-C-V/00005,4,ADG32 6366 JMORAGUES SL,17/10/2025,1377608,C-V/00005,COMERCIAL CALCO SA,"4239,84","15614,45",24/10/2025
6366-C-V/00007,5,ADG32 6366 JMORAGUES SL,27/10/2025,1381491,C-V/00007,COMERCIAL CALCO SA,"3869,58","19484,03",31/10/2025
6366-C-V/00008,6,ADG32 6366 JMORAGUES SL,28/10/2025,1382168,C-V/00008,COMERCIAL CALCO SA,"3334,16","22818,19",31/10/2025
6366-C-V/00009,7,ADG32 6366 JMORAGUES SL,29/10/2025,1382716,C-V/00009,BIGCORP SL,"3561,03","26379,22",31/10/2025
6366-C-V/00010,8,ADG32 6366 JMORAGUES SL,03/11/2025,1385761,C-V/00010,BIGCORP SL,"4789,79","31169,01",07/11/2025
6366-C-V/00011,9,ADG32 6366 JMORAGUES SL,04/11/2025,1386375,C-V/00011,COMERCIAL CALCO SA,"4657,29","35826,30",07/11/2025
6366-C-V/00012,10,ADG32 6366 JMORAGUES SL,05/11/2025,1387190,C-V/00012,COMERCIAL CALCO SA,"4642,77","40469,07",07/11/2025
6366-C-V/00013,11,ADG32 6366 JMORAGUES SL,10/11/2025,1389692,C-V/00013,BIGCORP SL,"4744,41","45213,48",14/11/2025
6366-C-V/00014,12,ADG32 6366 JMORAGUES SL,11/11/2025,1390560,C-V/00014,COMERCIAL CALCO SA,"4076,49","49289,97",14/11/2025
6366-C-V/00015,13,ADG32 6366 JMORAGUES SL,12/11/2025,1391477,C-V/00015,BIGCORP SL,"3615,48","52905,45",14/11/2025
6366-C-V/00016,14,ADG32 6366 JMORAGUES SL,17/11/2025,1394550,C-V/00016,BIGCORP SL,"3463,02","56368,47",21/11/2025
6366-C-V/00017,15,ADG32 6366 JMORAGUES SL,18/11/2025,1395445,C-V/00017,COMERCIAL CALCO SA,"3713,49","60081,96",21/11/2025
6366-C-V/00018,16,ADG32 6366 JMORAGUES SL,19/11/2025,1396573,C-V/00018,BIGCORP SL,"3441,24","63523,20",21/11/2025
6366-C-V/00019,17,ADG32 6366 JMORAGUES SL,24/11/2025,1399607,C-V/00019,COMERCIAL CALCO SA,"3793,35","67316,55",28/11/2025
6366-C-V/00020,18,ADG32 6366 JMORAGUES SL,25/11/2025,1400615,C-V/00020,BIGCORP SL,"4121,87","71438,42",28/11/2025
6366-C-V/00021,19,ADG32 6366 JMORAGUES SL,26/11/2025,1401677,C-V/00021,BIGCORP SL,"4272,51","75710,93",28/11/2025
6366-C-V/00022,20,ADG32 6366 JMORAGUES SL,01/12/2025,1404646,C-V/00022,BIGCORP SL,"3885,92","79596,85",05/12/2025
6366-C-V/00023,21,ADG32 6366 JMORAGUES SL,02/12/2025,1405726,C-V/00023,COMERCIAL CALCO SA,"3746,16","83343,01",05/12/2025
6366-C-V/00024,22,ADG32 6366 JMORAGUES SL,03/12/2025,1406734,C-V/00024,BIGCORP SL,"4250,73","87593,74",05/12/2025
6366-C-V/00025,23,ADG32 6366 JMORAGUES SL,08/12/2025,1409459,C-V/00025,COMERCIAL CALCO SA,"4606,47","92200,21",12/12/2025
6366-C-V/00026,24,ADG32 6366 JMORAGUES SL,09/12/2025,1410316,C-V/00026,BIGCORP SL,"3675,38","95875,59",12/12/2025
6366-C-V/00027,25,ADG32 6366 JMORAGUES SL,10/12/2025,1411480,C-V/00027,COMERCIAL CALCO SA,"3239,78","99115,37",12/12/2025
6366-C-V/00030,26,ADG32 6366 JMORAGUES SL,15/12/2025,1414543,C-V/00030,BIGCORP SL,"3296,04","102411,41",19/12/2025
6366-C-V/00031,27,ADG32 6366 JMORAGUES SL,16/12/2025,1415473,C-V/00031,COMERCIAL CALCO SA,"4005,71","106417,12",19/12/2025
6366-C-V/00032,28,ADG32 6366 JMORAGUES SL,17/12/2025,1416385,C-V/00032,BIGCORP SL,"3410,39","109827,51",19/12/2025
6368-C-V/00001,1,ADG32 6368 LPIZA SL,17/10/2025,1377629,C-V/00001,COMERCIAL CALCO SA,"4679,07","4679,07",24/10/2025
6368-C-V/00002,2,ADG32 6368 LPIZA SL,17/10/2025,1377630,C-V/00002,COMERCIAL CALCO SA,"3582,81","8261,88",24/10/2025
6368-C-V/00003,3,ADG32 6368 LPIZA SL,17/10/2025,1377631,C-V/00003,COMERCIAL CALCO SA,"3198,03","11459,91",24/10/2025
6368-C-V/00004,4,ADG32 6368 LPIZA SL,17/10/2025,1377632,C-V/00004,COMERCIAL CALCO SA,"3198,03","14657,94",24/10/2025
6368-C-V/00005,5,ADG32 6368 LPIZA SL,27/10/2025,1381502,C-V/00005,BIGCORP SL,"3713,49","18371,43",31/10/2025
6368-C-V/00006,6,ADG32 6368 LPIZA SL,28/10/2025,1382183,C-V/00006,COMERCIAL CALCO SA,"3811,5","22182,93",31/10/2025
6368-C-V/00007,7,ADG32 6368 LPIZA SL,29/10/2025,1382731,C-V/00007,COMERCIAL CALCO SA,"4268,88","26451,81",31/10/2025
6368-C-V/00008,8,ADG32 6368 LPIZA SL,03/11/2025,1385767,C-V/00008,BIGCORP SL,"3354,12","29805,93",07/11/2025
6368-C-V/00009,9,ADG32 6368 LPIZA SL,04/11/2025,1386393,C-V/00009,COMERCIAL CALCO SA,"4679,07","34485,00",07/11/2025
6368-C-V/00010,10,ADG32 6368 LPIZA SL,05/11/2025,1387201,C-V/00010,COMERCIAL CALCO SA,"4758,93","39243,93",07/11/2025
6368-C-V/00011,11,ADG32 6368 LPIZA SL,10/11/2025,1389700,C-V/00011,BIGCORP SL,"3633,63","42877,56",14/11/2025
6368-C-V/00012,12,ADG32 6368 LPIZA SL,11/11/2025,1390577,C-V/00012,BIGCORP SL,"4424,97","47302,53",14/11/2025
6368-C-V/00013,13,ADG32 6368 LPIZA SL,12/11/2025,1391485,C-V/00013,COMERCIAL CALCO SA,"3644,52","50947,05",14/11/2025
6368-C-V/00014,14,ADG32 6368 LPIZA SL,17/11/2025,1394561,C-V/00014,BIGCORP SL,"4061,97","55009,02",21/11/2025
6368-C-V/00015,15,ADG32 6368 LPIZA SL,18/11/2025,1395462,C-V/00015,BIGCORP SL,"3695,34","58704,36",21/11/2025
6368-C-V/00016,16,ADG32 6368 LPIZA SL,19/11/2025,1396578,C-V/00016,COMERCIAL CALCO SA,"3818,76","62523,12",21/11/2025
6368-C-V/00017,17,ADG32 6368 LPIZA SL,24/11/2025,1399620,C-V/00017,BIGCORP SL,"4159,98","66683,10",28/11/2025
6368-C-V/00018,18,ADG32 6368 LPIZA SL,25/11/2025,1400636,C-V/00018,COMERCIAL CALCO SA,"3484,8","70167,90",28/11/2025
6368-C-V/00019,19,ADG32 6368 LPIZA SL,26/11/2025,1401687,C-V/00019,COMERCIAL CALCO SA,"4700,85","74868,75",28/11/2025
6368-C-V/00020,20,ADG32 6368 LPIZA SL,01/12/2025,1404663,C-V/00020,COMERCIAL CALCO SA,"4421,34","79290,09",05/12/2025
6368-C-V/00021,21,ADG32 6368 LPIZA SL,02/12/2025,1405731,C-V/00021,COMERCIAL CALCO SA,"4381,41","83671,50",05/12/2025
6368-C-V/00022,22,ADG32 6368 LPIZA SL,03/12/2025,1406750,C-V/00022,COMERCIAL CALCO SA,"4061,97","87733,47",05/12/2025
6368-C-V/00023,23,ADG32 6368 LPIZA SL,08/12/2025,1409464,C-V/00023,COMERCIAL CALCO SA,"4352,37","92085,84",12/12/2025
6368-C-V/00024,24,ADG32 6368 LPIZA SL,09/12/2025,1410323,C-V/00024,BIGCORP SL,"4450,38","96536,22",12/12/2025
6368-C-V/00025,25,ADG32 6368 LPIZA SL,10/12/2025,1411485,C-V/00025,BIGCORP SL,"4366,89","100903,11",12/12/2025
6368-C-V/00027,26,ADG32 6368 LPIZA SL,15/12/2025,1414548,C-V/00027,BIGCORP SL,"3394,05","104297,16",19/12/2025
6368-C-V/00028,27,ADG32 6368 LPIZA SL,16/12/2025,1415478,C-V/00028,BIGCORP SL,"3909,51","108206,67",19/12/2025
6368-C-V/00029,28,ADG32 6368 LPIZA SL,17/12/2025,1416392,C-V/00029,BIGCORP SL,"3234,33","111441,00",19/12/2025
6369-C-V/00001,1,ADG32 6369 VMASTRANGELO SL,17/10/2025,1377609,C-V/00001,COMERCIAL CALCO SA,"4248,92","4248,92",24/10/2025
6369-C-V/00002,2,ADG32 6369 VMASTRANGELO SL,17/10/2025,1377610,C-V/00002,BIGCORP SL,"4153,63","8402,55",24/10/2025
6369-C-V/00004,3,ADG32 6369 VMASTRANGELO SL,17/10/2025,1377611,C-V/00004,COMERCIAL CALCO SA,"3531,08","11933,63",24/10/2025
6369-C-V/00003,4,ADG32 6369 VMASTRANGELO SL,17/10/2025,1377612,C-V/00003,COMERCIAL CALCO SA,"3855,07","15788,70",24/10/2025
6369-C-V/00005,5,ADG32 6369 VMASTRANGELO SL,27/10/2025,1381492,C-V/00005,COMERCIAL CALCO SA,"4583,79","20372,49",31/10/2025
6369-C-V/00006,6,ADG32 6369 VMASTRANGELO SL,28/10/2025,1382170,C-V/00006,BIGCORP SL,"3873,22","24245,71",31/10/2025
6369-C-V/00007,7,ADG32 6369 VMASTRANGELO SL,29/10/2025,1382717,C-V/00007,BIGCORP SL,"3289,69","27535,40",31/10/2025
6369-C-V/00008,8,ADG32 6369 VMASTRANGELO SL,03/11/2025,1385763,C-V/00008,COMERCIAL CALCO SA,"4173,6","31709,00",07/11/2025
6369-C-V/00009,9,ADG32 6369 VMASTRANGELO SL,04/11/2025,1386381,C-V/00009,BIGCORP SL,"3426,73","35135,73",07/11/2025
6369-C-V/00010,10,ADG32 6369 VMASTRANGELO SL,05/11/2025,1387191,C-V/00010,BIGCORP SL,"3703,51","38839,24",07/11/2025
6369-C-V/00011,11,ADG32 6369 VMASTRANGELO SL,10/11/2025,1389693,C-V/00011,COMERCIAL CALCO SA,"3294,23","42133,47",14/11/2025
6369-C-V/00012,12,ADG32 6369 VMASTRANGELO SL,11/11/2025,1390563,C-V/00012,BIGCORP SL,"4090,11","46223,58",14/11/2025
6369-C-V/00013,13,ADG32 6369 VMASTRANGELO SL,12/11/2025,1391481,C-V/00013,COMERCIAL CALCO SA,"4539,32","50762,90",14/11/2025
6369-C-V/00014,14,ADG32 6369 VMASTRANGELO SL,17/11/2025,1394553,C-V/00014,BIGCORP SL,"3463,02","54225,92",21/11/2025
6369-C-V/00015,15,ADG32 6369 VMASTRANGELO SL,18/11/2025,1395447,C-V/00015,BIGCORP SL,"4633,71","58859,63",21/11/2025
6369-C-V/00016,16,ADG32 6369 VMASTRANGELO SL,19/11/2025,1396574,C-V/00016,COMERCIAL CALCO SA,"3423,1","62282,73",21/11/2025
6369-C-V/00017,17,ADG32 6369 VMASTRANGELO SL,24/11/2025,1399609,C-V/00017,BIGCORP SL,"4598,3","66881,03",28/11/2025
6369-C-V/00018,18,ADG32 6369 VMASTRANGELO SL,25/11/2025,1400619,C-V/00018,BIGCORP SL,"4544,76","71425,79",28/11/2025
6369-C-V/00019,19,ADG32 6369 VMASTRANGELO SL,26/11/2025,1401681,C-V/00019,BIGCORP SL,"3507,5","74933,29",28/11/2025
6369-C-V/00020,20,ADG32 6369 VMASTRANGELO SL,01/12/2025,1404650,C-V/00020,COMERCIAL CALCO SA,"3859,6","78792,89",05/12/2025
6369-C-V/00021,21,ADG32 6369 VMASTRANGELO SL,02/12/2025,1405727,C-V/00021,COMERCIAL CALCO SA,"3967,6","82760,49",05/12/2025
6369-C-V/00022,22,ADG32 6369 VMASTRANGELO SL,03/12/2025,1406735,C-V/00022,BIGCORP SL,"3653,6","86414,09",05/12/2025
6369-C-V/00023,23,ADG32 6369 VMASTRANGELO SL,08/12/2025,1409460,C-V/00023,COMERCIAL CALCO SA,"4285,22","90699,31",12/12/2025
6369-C-V/00024,24,ADG32 6369 VMASTRANGELO SL,09/12/2025,1410317,C-V/00024,BIGCORP SL,"3245,23","93944,54",12/12/2025
6369-C-V/00025,25,ADG32 6369 VMASTRANGELO SL,10/12/2025,1411481,C-V/00025,BIGCORP SL,"4336,04","98280,58",12/12/2025
6369-C-V/00027,26,ADG32 6369 VMASTRANGELO SL,15/12/2025,1414544,C-V/00027,COMERCIAL CALCO SA,"3881,39","102161,97",19/12/2025
6369-C-V/00028,27,ADG32 6369 VMASTRANGELO SL,16/12/2025,1415474,C-V/00028,BIGCORP SL,"3455,77","105617,74",19/12/2025
6369-C-V/00029,28,ADG32 6369 VMASTRANGELO SL,17/12/2025,1416387,C-V/00029,BIGCORP SL,"4429,52","110047,26",19/12/2025
6427-C-V/00001,1,ADG32 6427 NANANOU SL,17/10/2025,1377587,C-V/00001,BIGCORP SL,"3208,92","3208,92",24/10/2025
6427-C-V/00004,2,ADG32 6427 NANANOU SL,17/10/2025,1377588,C-V/00004,BIGCORP SL,"3691,71","6900,63",24/10/2025
6427-C-V/00003,3,ADG32 6427 NANANOU SL,17/10/2025,1377589,C-V/00003,COMERCIAL CALCO SA,"4032,93","10933,56",24/10/2025
6427-C-V/00002,4,ADG32 6427 NANANOU SL,17/10/2025,1377590,C-V/00002,COMERCIAL CALCO SA,"3510,21","14443,77",24/10/2025
6427-C-V/00005,5,ADG32 6427 NANANOU SL,27/10/2025,1381480,C-V/00005,COMERCIAL CALCO SA,"3292,41","17736,18",31/10/2025
6427-C-V/00006,6,ADG32 6427 NANANOU SL,28/10/2025,1382164,C-V/00006,COMERCIAL CALCO SA,"3357,75","21093,93",31/10/2025
6427-C-V/00007,7,ADG32 6427 NANANOU SL,29/10/2025,1382711,C-V/00007,BIGCORP SL,"3989,37","25083,30",31/10/2025
6427-C-V/00008,8,ADG32 6427 NANANOU SL,03/11/2025,1385749,C-V/00008,COMERCIAL CALCO SA,"3303,3","28386,60",07/11/2025
6427-C-V/00009,9,ADG32 6427 NANANOU SL,04/11/2025,1386363,C-V/00009,BIGCORP SL,"4704,48","33091,08",07/11/2025
6427-C-V/00010,10,ADG32 6427 NANANOU SL,05/11/2025,1387186,C-V/00010,BIGCORP SL,"4682,7","37773,78",07/11/2025
6427-C-V/00011,11,ADG32 6427 NANANOU SL,10/11/2025,1389680,C-V/00011,BIGCORP SL,"3379,53","41153,31",14/11/2025
6427-C-V/00012,12,ADG32 6427 NANANOU SL,11/11/2025,1390545,C-V/00012,BIGCORP SL,"3793,35","44946,66",14/11/2025
6427-C-V/00013,13,ADG32 6427 NANANOU SL,12/11/2025,1391470,C-V/00013,COMERCIAL CALCO SA,"4007,52","48954,18",14/11/2025
6427-C-V/00014,14,ADG32 6427 NANANOU SL,17/11/2025,1394546,C-V/00014,BIGCORP SL,"3909,51","52863,69",21/11/2025
6427-C-V/00015,15,ADG32 6427 NANANOU SL,18/11/2025,1395435,C-V/00015,COMERCIAL CALCO SA,"4704,48","57568,17",21/11/2025
6427-C-V/00016,16,ADG32 6427 NANANOU SL,19/11/2025,1396564,C-V/00016,BIGCORP SL,"3198,03","60766,20",21/11/2025
6427-C-V/00017,17,ADG32 6427 NANANOU SL,24/11/2025,1399601,C-V/00017,BIGCORP SL,"4508,46","65274,66",28/11/2025
6427-C-V/00018,18,ADG32 6427 NANANOU SL,25/11/2025,1400610,C-V/00018,BIGCORP SL,"4000,26","69274,92",28/11/2025
6427-C-V/00019,19,ADG32 6427 NANANOU SL,26/11/2025,1401672,C-V/00019,COMERCIAL CALCO SA,"3553,77","72828,69",28/11/2025
6427-C-V/00020,20,ADG32 6427 NANANOU SL,01/12/2025,1404637,C-V/00020,BIGCORP SL,"3524,73","76353,42",05/12/2025
6427-C-V/00021,21,ADG32 6427 NANANOU SL,02/12/2025,1405720,C-V/00021,BIGCORP SL,"4189,02","80542,44",05/12/2025
6427-C-V/00022,22,ADG32 6427 NANANOU SL,03/12/2025,1406728,C-V/00022,BIGCORP SL,"3455,76","83998,20",05/12/2025
6427-C-V/00023,23,ADG32 6427 NANANOU SL,08/12/2025,1409455,C-V/00023,COMERCIAL CALCO SA,"4076,49","88074,69",12/12/2025
6427-C-V/00024,24,ADG32 6427 NANANOU SL,09/12/2025,1410310,C-V/00024,COMERCIAL CALCO SA,"4795,23","92869,92",12/12/2025
6427-C-V/00025,25,ADG32 6427 NANANOU SL,10/12/2025,1411470,C-V/00025,BIGCORP SL,"3757,05","96626,97",12/12/2025
6427-C-V/00027,26,ADG32 6427 NANANOU SL,15/12/2025,1414539,C-V/00027,BIGCORP SL,"3553,77","100180,74",19/12/2025
6427-C-V/00028,27,ADG32 6427 NANANOU SL,16/12/2025,1415469,C-V/00028,BIGCORP SL,"3626,37","103807,11",19/12/2025
6427-C-V/00029,28,ADG32 6427 NANANOU SL,17/12/2025,1416377,C-V/00029,BIGCORP SL,"4287,03","108094,14",19/12/2025
6428-C-V/00001,1,ADG32 6428 ABOUBAL SL,17/10/2025,1377569,C-V/00001,COMERCIAL CALCO SA,"3528,36","3528,36",24/10/2025
6428-C-V/00002,2,ADG32 6428 ABOUBAL SL,17/10/2025,1377570,C-V/00002,COMERCIAL CALCO SA,"3786,09","7314,45",24/10/2025
6428-C-V/00003,3,ADG32 6428 ABOUBAL SL,17/10/2025,1377571,C-V/00003,COMERCIAL CALCO SA,"4123,68","11438,13",24/10/2025
6428-C-V/00004,4,ADG32 6428 ABOUBAL SL,17/10/2025,1377572,C-V/00004,COMERCIAL CALCO SA,"4577,43","16015,56",24/10/2025
6428-C-V/00005,5,ADG32 6428 ABOUBAL SL,27/10/2025,1381475,C-V/00005,COMERCIAL CALCO SA,"3869,58","19885,14",31/10/2025
6428-C-V/00006,6,ADG32 6428 ABOUBAL SL,28/10/2025,1382159,C-V/00006,COMERCIAL CALCO SA,"3230,7","23115,84",31/10/2025
6428-C-V/00007,7,ADG32 6428 ABOUBAL SL,29/10/2025,1382707,C-V/00007,COMERCIAL CALCO SA,"4642,77","27758,61",31/10/2025
6428-C-V/00008,8,ADG32 6428 ABOUBAL SL,03/11/2025,1385743,C-V/00008,BIGCORP SL,"4178,13","31936,74",07/11/2025
6428-C-V/00009,9,ADG32 6428 ABOUBAL SL,04/11/2025,1386354,C-V/00009,COMERCIAL CALCO SA,"3386,79","35323,53",07/11/2025
6428-C-V/00010,10,ADG32 6428 ABOUBAL SL,05/11/2025,1387183,C-V/00010,COMERCIAL CALCO SA,"4552,02","39875,55",07/11/2025
6428-C-V/00011,11,ADG32 6428 ABOUBAL SL,10/11/2025,1389682,C-V/00011,COMERCIAL CALCO SA,"4428,6","44304,15",14/11/2025
6428-C-V/00012,12,ADG32 6428 ABOUBAL SL,11/11/2025,1390539,C-V/00012,BIGCORP SL,"3335,97","47640,12",14/11/2025
6428-C-V/00013,13,ADG32 6428 ABOUBAL SL,12/11/2025,1391466,C-V/00013,BIGCORP SL,"3659,04","51299,16",14/11/2025
6428-C-V/00014,14,ADG32 6428 ABOUBAL SL,17/11/2025,1394543,C-V/00014,BIGCORP SL,"4755,3","56054,46",21/11/2025
6428-C-V/00015,15,ADG32 6428 ABOUBAL SL,18/11/2025,1395432,C-V/00015,BIGCORP SL,"4435,86","60490,32",21/11/2025
6428-C-V/00016,16,ADG32 6428 ABOUBAL SL,19/11/2025,1396561,C-V/00016,BIGCORP SL,"3869,58","64359,90",21/11/2025
6428-C-V/00017,17,ADG32 6428 ABOUBAL SL,24/11/2025,1399597,C-V/00017,COMERCIAL CALCO SA,"3441,24","67801,14",28/11/2025
6428-C-V/00018,18,ADG32 6428 ABOUBAL SL,25/11/2025,1400606,C-V/00018,COMERCIAL CALCO SA,"4664,55","72465,69",28/11/2025
6428-C-V/00019,19,ADG32 6428 ABOUBAL SL,26/11/2025,1401667,C-V/00019,COMERCIAL CALCO SA,"4199,91","76665,60",28/11/2025
6428-C-V/00020,20,ADG32 6428 ABOUBAL SL,01/12/2025,1404631,C-V/00020,BIGCORP SL,"3401,31","80066,91",05/12/2025
6428-C-V/00021,21,ADG32 6428 ABOUBAL SL,02/12/2025,1405718,C-V/00021,COMERCIAL CALCO SA,"4755,3","84822,21",05/12/2025
6428-C-V/00022,22,ADG32 6428 ABOUBAL SL,03/12/2025,1406722,C-V/00022,BIGCORP SL,"3648,15","88470,36",05/12/2025
6428-C-V/00023,23,ADG32 6428 ABOUBAL SL,08/12/2025,1409453,C-V/00023,COMERCIAL CALCO SA,"3934,92","92405,28",12/12/2025
6428-C-V/00024,24,ADG32 6428 ABOUBAL SL,09/12/2025,1410306,C-V/00024,BIGCORP SL,"4058,34","96463,62",12/12/2025
6428-C-V/00025,25,ADG32 6428 ABOUBAL SL,10/12/2025,1411466,C-V/00025,COMERCIAL CALCO SA,"3379,53","99843,15",12/12/2025
6428-C-V/00026,26,ADG32 6428 ABOUBAL SL,15/12/2025,1414537,C-V/00026,COMERCIAL CALCO SA,"3720,75","103563,90",19/12/2025
6428-C-V/00027,27,ADG32 6428 ABOUBAL SL,16/12/2025,1415467,C-V/00027,BIGCORP SL,"3444,87","107008,77",19/12/2025
6428-C-V/00028,28,ADG32 6428 ABOUBAL SL,17/12/2025,1416375,C-V/00028,COMERCIAL CALCO SA,"3982,11","110990,88",19/12/2025
6431-C-V/00001,1,ADG32 6431 GZOUGGAGHI SL,17/10/2025,1377657,C-V/00001,BIGCORP SL,"3949,44","3949,44",24/10/2025
6431-C-V/00002,2,ADG32 6431 GZOUGGAGHI SL,17/10/2025,1377658,C-V/00002,BIGCORP SL,"3648,15","7597,59",24/10/2025
6431-C-V/00003,3,ADG32 6431 GZOUGGAGHI SL,17/10/2025,1377659,C-V/00003,BIGCORP SL,"3214,37","10811,96",24/10/2025
6431-C-V/00004,4,ADG32 6431 GZOUGGAGHI SL,17/10/2025,1377660,C-V/00004,BIGCORP SL,"3914,96","14726,92",24/10/2025
6431-C-V/00005,5,ADG32 6431 GZOUGGAGHI SL,27/10/2025,1381524,C-V/00005,COMERCIAL CALCO SA,"3305,12","18032,04",31/10/2025
6431-C-V/00006,6,ADG32 6431 GZOUGGAGHI SL,28/10/2025,1382198,C-V/00006,BIGCORP SL,"4232,58","22264,62",31/10/2025
6431-C-V/00007,7,ADG32 6431 GZOUGGAGHI SL,29/10/2025,1382739,C-V/00007,BIGCORP SL,"3261,56","25526,18",31/10/2025
6431-C-V/00009,8,ADG32 6431 GZOUGGAGHI SL,03/11/2025,1385773,C-V/00009,BIGCORP SL,"4140,02","29666,20",07/11/2025
6431-C-V/00010,9,ADG32 6431 GZOUGGAGHI SL,04/11/2025,1386403,C-V/00010,COMERCIAL CALCO SA,"3764,31","33430,51",07/11/2025
6431-C-V/00012,10,ADG32 6431 GZOUGGAGHI SL,05/11/2025,1387218,C-V/00012,BIGCORP SL,"3660,86","37091,37",07/11/2025
6431-C-V/00013,11,ADG32 6431 GZOUGGAGHI SL,10/11/2025,1389704,C-V/00013,COMERCIAL CALCO SA,"3245,22","40336,59",14/11/2025
6431-C-V/00014,12,ADG32 6431 GZOUGGAGHI SL,11/11/2025,1390583,C-V/00014,COMERCIAL CALCO SA,"3604,59","43941,18",14/11/2025
6431-C-V/00015,13,ADG32 6431 GZOUGGAGHI SL,12/11/2025,1391497,C-V/00015,COMERCIAL CALCO SA,"4682,7","48623,88",14/11/2025
6431-C-V/00016,14,ADG32 6431 GZOUGGAGHI SL,17/11/2025,1394572,C-V/00016,COMERCIAL CALCO SA,"4363,26","52987,14",21/11/2025
6431-C-V/00017,15,ADG32 6431 GZOUGGAGHI SL,18/11/2025,1395483,C-V/00017,COMERCIAL CALCO SA,"4045,64","57032,78",21/11/2025
6431-C-V/00018,16,ADG32 6431 GZOUGGAGHI SL,19/11/2025,1396595,C-V/00018,COMERCIAL CALCO SA,"3755,24","60788,02",21/11/2025
6431-C-V/00019,17,ADG32 6431 GZOUGGAGHI SL,24/11/2025,1399642,C-V/00019,COMERCIAL CALCO SA,"3394,05","64182,07",28/11/2025
6431-C-V/00020,18,ADG32 6431 GZOUGGAGHI SL,25/11/2025,1400654,C-V/00020,BIGCORP SL,"4014,78","68196,85",28/11/2025
6431-C-V/00021,19,ADG32 6431 GZOUGGAGHI SL,26/11/2025,1401702,C-V/00021,COMERCIAL CALCO SA,"4221,69","72418,54",28/11/2025
6431-C-V/00022,20,ADG32 6431 GZOUGGAGHI SL,01/12/2025,1404681,C-V/00022,COMERCIAL CALCO SA,"4390,49","76809,03",05/12/2025
6431-C-V/00023,21,ADG32 6431 GZOUGGAGHI SL,02/12/2025,1405737,C-V/00023,COMERCIAL CALCO SA,"4775,27","81584,30",05/12/2025
6431-C-V/00024,22,ADG32 6431 GZOUGGAGHI SL,03/12/2025,1406760,C-V/00024,BIGCORP SL,"3766,13","85350,43",05/12/2025
6431-C-V/00025,23,ADG32 6431 GZOUGGAGHI SL,08/12/2025,1409470,C-V/00025,COMERCIAL CALCO SA,"4040,19","89390,62",12/12/2025
6431-C-V/00026,24,ADG32 6431 GZOUGGAGHI SL,09/12/2025,1410329,C-V/00026,BIGCORP SL,"4042,01","93432,63",12/12/2025
6431-C-V/00027,25,ADG32 6431 GZOUGGAGHI SL,10/12/2025,1411495,C-V/00027,BIGCORP SL,"4746,23","98178,86",12/12/2025
6431-C-V/00029,26,ADG32 6431 GZOUGGAGHI SL,15/12/2025,1414554,C-V/00029,BIGCORP SL,"3493,88","101672,74",19/12/2025
6431-C-V/00030,27,ADG32 6431 GZOUGGAGHI SL,16/12/2025,1415484,C-V/00030,COMERCIAL CALCO SA,"4023,86","105696,60",19/12/2025
6431-C-V/00031,28,ADG32 6431 GZOUGGAGHI SL,17/12/2025,1416399,C-V/00031,COMERCIAL CALCO SA,"4296,11","109992,71",19/12/2025
6467-C-V/00001,1,ADG32 6467 WCHANTAH SL,17/10/2025,1377633,C-V/00001,COMERCIAL CALCO SA,"4587,42","4587,42",24/10/2025
6467-C-V/00002,2,ADG32 6467 WCHANTAH SL,17/10/2025,1377634,C-V/00002,COMERCIAL CALCO SA,"3456,68","8044,10",24/10/2025
6467-C-V/00003,3,ADG32 6467 WCHANTAH SL,17/10/2025,1377635,C-V/00003,COMERCIAL CALCO SA,"4301,56","12345,66",24/10/2025
6467-C-V/00004,4,ADG32 6467 WCHANTAH SL,17/10/2025,1377636,C-V/00004,COMERCIAL CALCO SA,"3844,18","16189,84",24/10/2025
6467-C-V/00005,5,ADG32 6467 WCHANTAH SL,27/10/2025,1381501,C-V/00005,BIGCORP SL,"4726,26","20916,10",31/10/2025
6467-C-V/00006,6,ADG32 6467 WCHANTAH SL,28/10/2025,1382187,C-V/00006,BIGCORP SL,"3806,06","24722,16",31/10/2025
6467-C-V/00007,7,ADG32 6467 WCHANTAH SL,29/10/2025,1382734,C-V/00007,BIGCORP SL,"3516,56","28238,72",31/10/2025
6467-C-V/00008,8,ADG32 6467 WCHANTAH SL,03/11/2025,1385768,C-V/00008,COMERCIAL CALCO SA,"3514,76","31753,48",07/11/2025
6467-C-V/00009,9,ADG32 6467 WCHANTAH SL,04/11/2025,1386395,C-V/00009,BIGCORP SL,"4313,35","36066,83",07/11/2025
6467-C-V/00010,10,ADG32 6467 WCHANTAH SL,05/11/2025,1387202,C-V/00010,COMERCIAL CALCO SA,"3920,4","39987,23",07/11/2025
6467-C-V/00011,11,ADG32 6467 WCHANTAH SL,10/11/2025,1389699,C-V/00011,BIGCORP SL,"4110,98","44098,21",14/11/2025
6467-C-V/00012,12,ADG32 6467 WCHANTAH SL,11/11/2025,1390578,C-V/00012,BIGCORP SL,"4216,26","48314,47",14/11/2025
6467-C-V/00013,13,ADG32 6467 WCHANTAH SL,12/11/2025,1391490,C-V/00013,COMERCIAL CALCO SA,"3867,77","52182,24",14/11/2025
6467-C-V/00014,14,ADG32 6467 WCHANTAH SL,17/11/2025,1394562,C-V/00014,COMERCIAL CALCO SA,"3347,77","55530,01",21/11/2025
6467-C-V/00015,15,ADG32 6467 WCHANTAH SL,18/11/2025,1395467,C-V/00015,BIGCORP SL,"4758,94","60288,95",21/11/2025
6467-C-V/00016,16,ADG32 6467 WCHANTAH SL,19/11/2025,1396589,C-V/00016,BIGCORP SL,"4697,22","64986,17",21/11/2025
6467-C-V/00017,17,ADG32 6467 WCHANTAH SL,24/11/2025,1399622,C-V/00017,BIGCORP SL,"4300,64","69286,81",28/11/2025
6467-C-V/00018,18,ADG32 6467 WCHANTAH SL,25/11/2025,1400638,C-V/00018,BIGCORP SL,"4041,11","73327,92",28/11/2025
6467-C-V/00019,19,ADG32 6467 WCHANTAH SL,26/11/2025,1401688,C-V/00019,COMERCIAL CALCO SA,"3459,4","76787,32",28/11/2025
6467-C-V/00020,20,ADG32 6467 WCHANTAH SL,01/12/2025,1404665,C-V/00020,COMERCIAL CALCO SA,"3545,61","80332,93",05/12/2025
6467-C-V/00021,21,ADG32 6467 WCHANTAH SL,02/12/2025,1405732,C-V/00021,COMERCIAL CALCO SA,"4078,32","84411,25",05/12/2025
6467-C-V/00022,22,ADG32 6467 WCHANTAH SL,03/12/2025,1406751,C-V/00022,BIGCORP SL,"4091,92","88503,17",05/12/2025
6467-C-V/00023,23,ADG32 6467 WCHANTAH SL,08/12/2025,1409465,C-V/00023,BIGCORP SL,"4476,7","92979,87",12/12/2025
6467-C-V/00024,24,ADG32 6467 WCHANTAH SL,09/12/2025,1410324,C-V/00024,BIGCORP SL,"3443,97","96423,84",12/12/2025
6467-C-V/00025,25,ADG32 6467 WCHANTAH SL,10/12/2025,1411487,C-V/00025,COMERCIAL CALCO SA,"4466,72","100890,56",12/12/2025
6467-1,26,ADG32 6467 WCHANTAH SL,15/12/2025,1414549,1,BIGCORP SL,"4692,69","105583,25",19/12/2025
6467-2,27,ADG32 6467 WCHANTAH SL,16/12/2025,1415479,2,COMERCIAL CALCO SA,"3505,68","109088,93",19/12/2025
6467-3,28,ADG32 6467 WCHANTAH SL,17/12/2025,1416393,3,COMERCIAL CALCO SA,"4397,74","113486,67",19/12/2025
6478-C-V/00001,1,ADG32 6478 CBAUZA SL,17/10/2025,1377688,C-V/00001,BIGCORP SL,"3414,02","3414,02",24/10/2025
6478-C-V/00003,2,ADG32 6478 CBAUZA SL,17/10/2025,1377689,C-V/00003,BIGCORP SL,"3893,18","7307,20",24/10/2025
6478-C-V/00002,3,ADG32 6478 CBAUZA SL,17/10/2025,1377691,C-V/00002,COMERCIAL CALCO SA,"4201,73","11508,93",24/10/2025
6478-C-V/00004,4,ADG32 6478 CBAUZA SL,17/10/2025,1377692,C-V/00004,BIGCORP SL,"3515,66","15024,59",24/10/2025
6478-C-V/00005,5,ADG32 6478 CBAUZA SL,27/10/2025,1381533,C-V/00005,BIGCORP SL,"4463,09","19487,68",31/10/2025
6478-C-V/00006,6,ADG32 6478 CBAUZA SL,28/10/2025,1382201,C-V/00006,COMERCIAL CALCO SA,"3942,18","23429,86",31/10/2025
6478-C-V/00007,7,ADG32 6478 CBAUZA SL,29/10/2025,1382743,C-V/00007,BIGCORP SL,"4043,82","27473,68",31/10/2025
6478-C-V/00008,8,ADG32 6478 CBAUZA SL,03/11/2025,1385776,C-V/00008,BIGCORP SL,"4584,69","32058,37",07/11/2025
6478-C-V/00009,9,ADG32 6478 CBAUZA SL,04/11/2025,1386406,C-V/00009,COMERCIAL CALCO SA,"3348,68","35407,05",07/11/2025
6478-C-V/00010,10,ADG32 6478 CBAUZA SL,05/11/2025,1387221,C-V/00010,COMERCIAL CALCO SA,"3383,16","38790,21",07/11/2025
6478-C-V/00011,11,ADG32 6478 CBAUZA SL,10/11/2025,1389713,C-V/00011,BIGCORP SL,"3987,56","42777,77",14/11/2025
6478-C-V/00012,12,ADG32 6478 CBAUZA SL,11/11/2025,1390586,C-V/00012,BIGCORP SL,"4078,31","46856,08",14/11/2025
6478-C-V/00013,13,ADG32 6478 CBAUZA SL,12/11/2025,1391500,C-V/00013,COMERCIAL CALCO SA,"3880,47","50736,55",14/11/2025
6478-C-V/00014,14,ADG32 6478 CBAUZA SL,17/11/2025,1394578,C-V/00014,BIGCORP SL,"3669,93","54406,48",21/11/2025
6478-C-V/00015,15,ADG32 6478 CBAUZA SL,18/11/2025,1395491,C-V/00015,BIGCORP SL,"3537,44","57943,92",21/11/2025
6478-C-V/00018,16,ADG32 6478 CBAUZA SL,19/11/2025,1396602,C-V/00018,BIGCORP SL,"3290,6","61234,52",21/11/2025
6478-C-V/00019,17,ADG32 6478 CBAUZA SL,24/11/2025,1399649,C-V/00019,COMERCIAL CALCO SA,"3769,76","65004,28",28/11/2025
6478-C-V/00020,18,ADG32 6478 CBAUZA SL,25/11/2025,1400665,C-V/00020,COMERCIAL CALCO SA,"4673,63","69677,91",28/11/2025
6478-C-V/00021,19,ADG32 6478 CBAUZA SL,26/11/2025,1401706,C-V/00021,BIGCORP SL,"3889,55","73567,46",28/11/2025
6478-C-V/00022,20,ADG32 6478 CBAUZA SL,01/12/2025,1404692,C-V/00022,BIGCORP SL,"4239,84","77807,30",05/12/2025
6478-C-V/00023,21,ADG32 6478 CBAUZA SL,02/12/2025,1405740,C-V/00023,COMERCIAL CALCO SA,"3250,67","81057,97",05/12/2025
6478-C-V/00024,22,ADG32 6478 CBAUZA SL,03/12/2025,1406763,C-V/00024,COMERCIAL CALCO SA,"3965,78","85023,75",05/12/2025
6478-1,23,ADG32 6478 CBAUZA SL,08/12/2025,1409473,1,BIGCORP SL,"4361,45","89385,20",12/12/2025
6478-2,24,ADG32 6478 CBAUZA SL,09/12/2025,1410332,2,COMERCIAL CALCO SA,"3869,58","93254,78",12/12/2025
6478-3,25,ADG32 6478 CBAUZA SL,10/12/2025,1411499,3,BIGCORP SL,"4778,9","98033,68",12/12/2025
6478-4,26,ADG32 6478 CBAUZA SL,15/12/2025,1414557,4,BIGCORP SL,"4530,24","102563,92",19/12/2025
6478-5,27,ADG32 6478 CBAUZA SL,16/12/2025,1415487,5,COMERCIAL CALCO SA,"3419,46","105983,38",19/12/2025
6478-6,28,ADG32 6478 CBAUZA SL,17/12/2025,1416404,6,COMERCIAL CALCO SA,"3715,31","109698,69",19/12/2025
6702-C-V/00001,1,ADG32 6702 NFORNES SL,17/10/2025,1377553,C-V/00001,COMERCIAL CALCO SA,"3237,96","3237,96",24/10/2025
6702-C-V/00003,2,ADG32 6702 NFORNES SL,17/10/2025,1377554,C-V/00003,COMERCIAL CALCO SA,"3521,1","6759,06",24/10/2025
6702-C-V/00002,3,ADG32 6702 NFORNES SL,17/10/2025,1377555,C-V/00002,COMERCIAL CALCO SA,"4036,56","10795,62",24/10/2025
6702-C-V/00004,4,ADG32 6702 NFORNES SL,17/10/2025,1377556,C-V/00004,BIGCORP SL,"4352,37","15147,99",24/10/2025
6702-C-V/00007,5,ADG32 6702 NFORNES SL,27/10/2025,1381469,C-V/00007,BIGCORP SL,"3350,49","18498,48",31/10/2025
6702-C-V/00005,6,ADG32 6702 NFORNES SL,28/10/2025,1382154,C-V/00005,COMERCIAL CALCO SA,3630,"22128,48",31/10/2025
6702-C-V/00006,7,ADG32 6702 NFORNES SL,29/10/2025,1382692,C-V/00006,BIGCORP SL,"4660,92","26789,40",31/10/2025
6702-C-V/00008,8,ADG32 6702 NFORNES SL,03/11/2025,1385731,C-V/00008,COMERCIAL CALCO SA,"3499,32","30288,72",07/11/2025
6702-C-V/00009,9,ADG32 6702 NFORNES SL,04/11/2025,1386346,C-V/00009,BIGCORP SL,"3401,31","33690,03",07/11/2025
6702-C-V/00010,10,ADG32 6702 NFORNES SL,05/11/2025,1387172,C-V/00010,BIGCORP SL,"4007,52","37697,55",07/11/2025
6702-C-V/00011,11,ADG32 6702 NFORNES SL,10/11/2025,1389676,C-V/00011,BIGCORP SL,"4167,24","41864,79",14/11/2025
6702-C-V/00012,12,ADG32 6702 NFORNES SL,11/11/2025,1390526,C-V/00012,BIGCORP SL,"3292,41","45157,20",14/11/2025
6702-C-V/00013,13,ADG32 6702 NFORNES SL,12/11/2025,1391455,C-V/00013,COMERCIAL CALCO SA,"4199,91","49357,11",14/11/2025
6702-C-V/00015,14,ADG32 6702 NFORNES SL,17/11/2025,1394531,C-V/00015,COMERCIAL CALCO SA,4719,"54076,11",21/11/2025
6702-C-V/00017,15,ADG32 6702 NFORNES SL,18/11/2025,1395426,C-V/00017,BIGCORP SL,"3383,16","57459,27",21/11/2025
6702-C-V/00014,16,ADG32 6702 NFORNES SL,19/11/2025,1396553,C-V/00014,COMERCIAL CALCO SA,"4141,83","61601,10",21/11/2025
6702-C-V/00018,17,ADG32 6702 NFORNES SL,24/11/2025,1399593,C-V/00018,BIGCORP SL,"3586,44","65187,54",28/11/2025
6702-C-V/00019,18,ADG32 6702 NFORNES SL,25/11/2025,1400599,C-V/00019,BIGCORP SL,"4287,03","69474,57",28/11/2025
6702-C-V/00020,19,ADG32 6702 NFORNES SL,26/11/2025,1401658,C-V/00020,COMERCIAL CALCO SA,"3865,95","73340,52",28/11/2025
6702-C-V/00021,20,ADG32 6702 NFORNES SL,01/12/2025,1404625,C-V/00021,COMERCIAL CALCO SA,"4479,42","77819,94",05/12/2025
6702-C-V/00023,21,ADG32 6702 NFORNES SL,02/12/2025,1405710,C-V/00023,BIGCORP SL,"4094,64","81914,58",05/12/2025
6702-C-V/00022,22,ADG32 6702 NFORNES SL,03/12/2025,1406715,C-V/00022,COMERCIAL CALCO SA,"3386,79","85301,37",05/12/2025
6702-C-V/00024,23,ADG32 6702 NFORNES SL,08/12/2025,1409449,C-V/00024,COMERCIAL CALCO SA,"3452,13","88753,50",12/12/2025
6702-C-V/00025,24,ADG32 6702 NFORNES SL,09/12/2025,1410301,C-V/00025,COMERCIAL CALCO SA,"4352,37","93105,87",12/12/2025
6702-C-V/00026,25,ADG32 6702 NFORNES SL,10/12/2025,1411461,C-V/00026,COMERCIAL CALCO SA,"4679,07","97784,94",12/12/2025
6702-C-V/00027,26,ADG32 6702 NFORNES SL,15/12/2025,1414530,C-V/00027,BIGCORP SL,"4519,35","102304,29",19/12/2025
6702-C-V/00028,27,ADG32 6702 NFORNES SL,16/12/2025,1415458,C-V/00028,BIGCORP SL,"3651,78","105956,07",19/12/2025
6702-C-V/00030,28,ADG32 6702 NFORNES SL,17/12/2025,1416367,C-V/00030,BIGCORP SL,"3767,94","109724,01",19/12/2025
6706-C-V/00001,1,ADG32 6706 NSUIYHI SL,17/10/2025,1377525,C-V/00001,COMERCIAL CALCO SA,"3648,15","3648,15",24/10/2025
6706-C-V/00002,2,ADG32 6706 NSUIYHI SL,17/10/2025,1377526,C-V/00002,BIGCORP SL,"3898,62","7546,77",24/10/2025
6706-C-V/00003,3,ADG32 6706 NSUIYHI SL,17/10/2025,1377527,C-V/00003,BIGCORP SL,"4323,33","11870,10",24/10/2025
6706-C-V/00004,4,ADG32 6706 NSUIYHI SL,17/10/2025,1377528,C-V/00004,COMERCIAL CALCO SA,"4279,77","16149,87",24/10/2025
6706-C-V/00005,5,ADG32 6706 NSUIYHI SL,27/10/2025,1381444,C-V/00005,BIGCORP SL,"4290,66","20440,53",31/10/2025
6706-C-V/00006,6,ADG32 6706 NSUIYHI SL,28/10/2025,1382144,C-V/00006,COMERCIAL CALCO SA,"4225,32","24665,85",31/10/2025
6706-C-V/00007,7,ADG32 6706 NSUIYHI SL,29/10/2025,1382678,C-V/00007,COMERCIAL CALCO SA,"3463,02","28128,87",31/10/2025
6706-C-V/00013,8,ADG32 6706 NSUIYHI SL,03/11/2025,1385701,C-V/00013,COMERCIAL CALCO SA,"3419,46","31548,33",07/11/2025
6706-C-V/00012,9,ADG32 6706 NSUIYHI SL,04/11/2025,1386329,C-V/00012,COMERCIAL CALCO SA,"4595,58","36143,91",07/11/2025
6706-C-V/00011,10,ADG32 6706 NSUIYHI SL,05/11/2025,1387161,C-V/00011,BIGCORP SL,"3931,29","40075,20",07/11/2025
6706-C-V/00016,11,ADG32 6706 NSUIYHI SL,10/11/2025,1389662,C-V/00016,COMERCIAL CALCO SA,"4257,99","44333,19",14/11/2025
6706-C-V/00014,12,ADG32 6706 NSUIYHI SL,11/11/2025,1390516,C-V/00014,COMERCIAL CALCO SA,"4083,75","48416,94",14/11/2025
6706-C-V/00015,13,ADG32 6706 NSUIYHI SL,12/11/2025,1391443,C-V/00015,COMERCIAL CALCO SA,"4203,54","52620,48",14/11/2025
6706-C-V/00017,14,ADG32 6706 NSUIYHI SL,17/11/2025,1394517,C-V/00017,BIGCORP SL,"3397,68","56018,16",21/11/2025
6706-C-V/00018,15,ADG32 6706 NSUIYHI SL,18/11/2025,1395411,C-V/00018,COMERCIAL CALCO SA,"3931,29","59949,45",21/11/2025
6706-C-V/00019,16,ADG32 6706 NSUIYHI SL,19/11/2025,1396541,C-V/00019,BIGCORP SL,"4606,47","64555,92",21/11/2025
6706-C-V/00021,17,ADG32 6706 NSUIYHI SL,24/11/2025,1399582,C-V/00021,COMERCIAL CALCO SA,"4410,45","68966,37",28/11/2025
6706-C-V/00020,18,ADG32 6706 NSUIYHI SL,25/11/2025,1400586,C-V/00020,COMERCIAL CALCO SA,"4443,12","73409,49",28/11/2025
6706-C-V/00022,19,ADG32 6706 NSUIYHI SL,26/11/2025,1401644,C-V/00022,BIGCORP SL,"4737,15","78146,64",28/11/2025
6706-C-V/00024,20,ADG32 6706 NSUIYHI SL,01/12/2025,1404607,C-V/00024,COMERCIAL CALCO SA,"4072,86","82219,50",05/12/2025
6706-C-V/00023,21,ADG32 6706 NSUIYHI SL,02/12/2025,1405700,C-V/00023,COMERCIAL CALCO SA,"4061,97","86281,47",05/12/2025
6706-C-V/00025,22,ADG32 6706 NSUIYHI SL,03/12/2025,1406704,C-V/00025,COMERCIAL CALCO SA,"4127,31","90408,78",05/12/2025
6706-C-V/00027,23,ADG32 6706 NSUIYHI SL,08/12/2025,1409435,C-V/00027,COMERCIAL CALCO SA,"3985,74","94394,52",12/12/2025
6706-C-V/00026,24,ADG32 6706 NSUIYHI SL,09/12/2025,1410288,C-V/00026,BIGCORP SL,"3212,55","97607,07",12/12/2025
6706-C-V/00028,25,ADG32 6706 NSUIYHI SL,10/12/2025,1411449,C-V/00028,BIGCORP SL,"4247,1","101854,17",12/12/2025
6706-C-V/00032,26,ADG32 6706 NSUIYHI SL,15/12/2025,1414526,C-V/00032,BIGCORP SL,3267,"105121,17",19/12/2025
6706-C-V/00031,27,ADG32 6706 NSUIYHI SL,16/12/2025,1415445,C-V/00031,COMERCIAL CALCO SA,"3201,66","108322,83",19/12/2025
6706-C-V/00030,28,ADG32 6706 NSUIYHI SL,17/12/2025,1416350,C-V/00030,COMERCIAL CALCO SA,"3550,14","111872,97",19/12/2025
6707-C-V/00001,1,ADG32 6707 MOUAZINE SL,17/10/2025,1377577,C-V/00001,BIGCORP SL,"4098,27","4098,27",24/10/2025
6707-C-V/00002,2,ADG32 6707 MOUAZINE SL,17/10/2025,1377578,C-V/00002,COMERCIAL CALCO SA,"4022,04","8120,31",24/10/2025
6707-C-V/00003,3,ADG32 6707 MOUAZINE SL,17/10/2025,1377580,C-V/00003,COMERCIAL CALCO SA,"4443,12","12563,43",24/10/2025
6707-C-V/00004,4,ADG32 6707 MOUAZINE SL,17/10/2025,1377582,C-V/00004,COMERCIAL CALCO SA,"4606,47","17169,90",24/10/2025
6707-C-V/00005,5,ADG32 6707 MOUAZINE SL,27/10/2025,1381474,C-V/00005,COMERCIAL CALCO SA,"4352,37","21522,27",31/10/2025
6707-C-V/00006,6,ADG32 6707 MOUAZINE SL,28/10/2025,1382163,C-V/00006,BIGCORP SL,"3412,2","24934,47",31/10/2025
6707-C-V/00007,7,ADG32 6707 MOUAZINE SL,29/10/2025,1382709,C-V/00007,COMERCIAL CALCO SA,"4657,29","29591,76",31/10/2025
6707-C-V/00008,8,ADG32 6707 MOUAZINE SL,03/11/2025,1385746,C-V/00008,COMERCIAL CALCO SA,"4145,46","33737,22",07/11/2025
6707-C-V/00009,9,ADG32 6707 MOUAZINE SL,04/11/2025,1386358,C-V/00009,BIGCORP SL,"3357,75","37094,97",07/11/2025
6707-C-V/00010,10,ADG32 6707 MOUAZINE SL,05/11/2025,1387185,C-V/00010,COMERCIAL CALCO SA,"4559,28","41654,25",07/11/2025
6707-C-V/00011,11,ADG32 6707 MOUAZINE SL,10/11/2025,1389683,C-V/00011,BIGCORP SL,"3978,48","45632,73",14/11/2025
6707-C-V/00012,12,ADG32 6707 MOUAZINE SL,11/11/2025,1390542,C-V/00012,COMERCIAL CALCO SA,"3713,49","49346,22",14/11/2025
6707-C-V/00013,13,ADG32 6707 MOUAZINE SL,12/11/2025,1391469,C-V/00013,COMERCIAL CALCO SA,"3934,92","53281,14",14/11/2025
6707-C-V/00014,14,ADG32 6707 MOUAZINE SL,17/11/2025,1394544,C-V/00014,COMERCIAL CALCO SA,"4087,38","57368,52",21/11/2025
6707-C-V/00015,15,ADG32 6707 MOUAZINE SL,18/11/2025,1395434,C-V/00015,BIGCORP SL,"3477,54","60846,06",21/11/2025
6707-C-V/00016,16,ADG32 6707 MOUAZINE SL,19/11/2025,1396562,C-V/00016,COMERCIAL CALCO SA,"4000,26","64846,32",21/11/2025
6707-C-V/00017,17,ADG32 6707 MOUAZINE SL,24/11/2025,1399599,C-V/00017,BIGCORP SL,"4072,86","68919,18",28/11/2025
6707-C-V/00018,18,ADG32 6707 MOUAZINE SL,25/11/2025,1400607,C-V/00018,COMERCIAL CALCO SA,"3325,08","72244,26",28/11/2025
6707-C-V/00019,19,ADG32 6707 MOUAZINE SL,26/11/2025,1401671,C-V/00019,BIGCORP SL,"4791,6","77035,86",28/11/2025
6707-C-V/00020,20,ADG32 6707 MOUAZINE SL,01/12/2025,1404635,C-V/00020,BIGCORP SL,"4432,23","81468,09",05/12/2025
6707-C-V/00021,21,ADG32 6707 MOUAZINE SL,02/12/2025,1405719,C-V/00021,BIGCORP SL,"4228,95","85697,04",05/12/2025
6707-C-V/00022,22,ADG32 6707 MOUAZINE SL,03/12/2025,1406723,C-V/00022,BIGCORP SL,"3401,31","89098,35",05/12/2025
6707-C-V/00023,23,ADG32 6707 MOUAZINE SL,08/12/2025,1409454,C-V/00023,BIGCORP SL,"4210,8","93309,15",12/12/2025
6707-C-V/00024,24,ADG32 6707 MOUAZINE SL,09/12/2025,1410309,C-V/00024,BIGCORP SL,"4022,04","97331,19",12/12/2025
6707-C-V/00025,25,ADG32 6707 MOUAZINE SL,10/12/2025,1411468,C-V/00025,COMERCIAL CALCO SA,"4145,46","101476,65",12/12/2025
6707-C-V/00026,26,ADG32 6707 MOUAZINE SL,15/12/2025,1414538,C-V/00026,BIGCORP SL,"4711,74","106188,39",19/12/2025
6707-C-V/00027,27,ADG32 6707 MOUAZINE SL,16/12/2025,1415468,C-V/00027,COMERCIAL CALCO SA,"4515,72","110704,11",19/12/2025
6707-C-V/00028,28,ADG32 6707 MOUAZINE SL,17/12/2025,1416376,C-V/00028,BIGCORP SL,"3731,64","114435,75",19/12/2025
6713-C-V/00001,1,ADG32 6713 BCARBONELL SL,17/10/2025,1377595,C-V/00001,COMERCIAL CALCO SA,"3698,07","3698,07",24/10/2025
6713-C-V/00004,2,ADG32 6713 BCARBONELL SL,17/10/2025,1377596,C-V/00004,BIGCORP SL,"3231,62","6929,69",24/10/2025
6713-C-V/00002,3,ADG32 6713 BCARBONELL SL,17/10/2025,1377597,C-V/00002,BIGCORP SL,"3267,01","10196,70",24/10/2025
6713-C-V/00003,4,ADG32 6713 BCARBONELL SL,17/10/2025,1377598,C-V/00003,COMERCIAL CALCO SA,"3717,12","13913,82",24/10/2025
6713-C-V/00005,5,ADG32 6713 BCARBONELL SL,27/10/2025,1381483,C-V/00005,COMERCIAL CALCO SA,"4122,77","18036,59",31/10/2025
6713-C-V/00006,6,ADG32 6713 BCARBONELL SL,28/10/2025,1382166,C-V/00006,COMERCIAL CALCO SA,"3591,89","21628,48",31/10/2025
6713-C-V/00007,7,ADG32 6713 BCARBONELL SL,29/10/2025,1382714,C-V/00007,COMERCIAL CALCO SA,"4554,75","26183,23",31/10/2025
6713-C-V/00008,8,ADG32 6713 BCARBONELL SL,03/11/2025,1385755,C-V/00008,BIGCORP SL,"3877,75","30060,98",07/11/2025
6713-C-V/00009,9,ADG32 6713 BCARBONELL SL,04/11/2025,1386370,C-V/00009,COMERCIAL CALCO SA,"4615,54","34676,52",07/11/2025
6713-C-V/00010,10,ADG32 6713 BCARBONELL SL,05/11/2025,1387188,C-V/00010,BIGCORP SL,"4681,8","39358,32",07/11/2025
6713-C-V/00011,11,ADG32 6713 BCARBONELL SL,10/11/2025,1389691,C-V/00011,BIGCORP SL,"3483,9","42842,22",14/11/2025
6713-C-V/00012,12,ADG32 6713 BCARBONELL SL,11/11/2025,1390554,C-V/00012,BIGCORP SL,"4779,81","47622,03",14/11/2025
6713-C-V/00013,13,ADG32 6713 BCARBONELL SL,12/11/2025,1391472,C-V/00013,COMERCIAL CALCO SA,"3958,52","51580,55",14/11/2025
6713-C-V/00014,14,ADG32 6713 BCARBONELL SL,17/11/2025,1394548,C-V/00014,COMERCIAL CALCO SA,"3198,94","54779,49",21/11/2025
6713-C-V/00015,15,ADG32 6713 BCARBONELL SL,18/11/2025,1395437,C-V/00015,BIGCORP SL,"4038,38","58817,87",21/11/2025
6713-C-V/00016,16,ADG32 6713 BCARBONELL SL,19/11/2025,1396569,C-V/00016,BIGCORP SL,4042,"62859,87",21/11/2025
6713-C-V/00017,17,ADG32 6713 BCARBONELL SL,24/11/2025,1399604,C-V/00017,COMERCIAL CALCO SA,"3566,48","66426,35",28/11/2025
6713-C-V/00018,18,ADG32 6713 BCARBONELL SL,25/11/2025,1400612,C-V/00018,BIGCORP SL,"3355,94","69782,29",28/11/2025
6713-C-V/00019,19,ADG32 6713 BCARBONELL SL,26/11/2025,1401674,C-V/00019,BIGCORP SL,"3942,19","73724,48",28/11/2025
6713-C-V/00020,20,ADG32 6713 BCARBONELL SL,01/12/2025,1404639,C-V/00020,COMERCIAL CALCO SA,"3631,81","77356,29",05/12/2025
6713-C-V/00021,21,ADG32 6713 BCARBONELL SL,02/12/2025,1405724,C-V/00021,BIGCORP SL,"4599,21","81955,50",05/12/2025
6713-C-V/00022,22,ADG32 6713 BCARBONELL SL,03/12/2025,1406730,C-V/00022,COMERCIAL CALCO SA,"4287,03","86242,53",05/12/2025
6713-C-V/00023,23,ADG32 6713 BCARBONELL SL,08/12/2025,1409458,C-V/00023,BIGCORP SL,"4761,66","91004,19",12/12/2025
6713-C-V/00024,24,ADG32 6713 BCARBONELL SL,09/12/2025,1410314,C-V/00024,COMERCIAL CALCO SA,"3447,6","94451,79",12/12/2025
6713-C-V/00025,25,ADG32 6713 BCARBONELL SL,10/12/2025,1411476,C-V/00025,BIGCORP SL,"3674,47","98126,26",12/12/2025
6713-1,26,ADG32 6713 BCARBONELL SL,15/12/2025,1414541,1,BIGCORP SL,"3202,57","101328,83",19/12/2025
6713-2,27,ADG32 6713 BCARBONELL SL,16/12/2025,1415471,2,COMERCIAL CALCO SA,"3447,6","104776,43",19/12/2025
6713-3,28,ADG32 6713 BCARBONELL SL,17/12/2025,1416379,3,BIGCORP SL,"3789,73","108566,16",19/12/2025
6734-C-V/00001,1,ADG32 6734 LABOLAFIO SL,17/10/2025,1377565,C-V/00001,BIGCORP SL,"4091,01","4091,01",24/10/2025
6734-C-V/00002,2,ADG32 6734 LABOLAFIO SL,17/10/2025,1377566,C-V/00002,COMERCIAL CALCO SA,"3408,57","7499,58",24/10/2025
6734-C-V/00003,3,ADG32 6734 LABOLAFIO SL,17/10/2025,1377567,C-V/00003,BIGCORP SL,"3973,04","11472,62",24/10/2025
6734-C-V/00004,4,ADG32 6734 LABOLAFIO SL,17/10/2025,1377568,C-V/00004,COMERCIAL CALCO SA,"4648,22","16120,84",24/10/2025
6734-C-V/00006,5,ADG32 6734 LABOLAFIO SL,27/10/2025,1381471,C-V/00006,COMERCIAL CALCO SA,"4027,49","20148,33",31/10/2025
6734-C-V/00007,6,ADG32 6734 LABOLAFIO SL,28/10/2025,1382158,C-V/00007,COMERCIAL CALCO SA,"3404,94","23553,27",31/10/2025
6734-C-V/00008,7,ADG32 6734 LABOLAFIO SL,29/10/2025,1382705,C-V/00008,BIGCORP SL,"3791,54","27344,81",31/10/2025
6734-C-V/00009,8,ADG32 6734 LABOLAFIO SL,03/11/2025,1385740,C-V/00009,COMERCIAL CALCO SA,"4288,85","31633,66",07/11/2025
6734-C-V/00010,9,ADG32 6734 LABOLAFIO SL,04/11/2025,1386353,C-V/00010,BIGCORP SL,"4733,52","36367,18",07/11/2025
6734-C-V/00011,10,ADG32 6734 LABOLAFIO SL,05/11/2025,1387177,C-V/00011,COMERCIAL CALCO SA,"4005,71","40372,89",07/11/2025
6734-C-V/00012,11,ADG32 6734 LABOLAFIO SL,10/11/2025,1389681,C-V/00012,BIGCORP SL,"4254,36","44627,25",14/11/2025
6734-C-V/00013,12,ADG32 6734 LABOLAFIO SL,11/11/2025,1390536,C-V/00013,COMERCIAL CALCO SA,"3225,26","47852,51",14/11/2025
6734-C-V/00014,13,ADG32 6734 LABOLAFIO SL,12/11/2025,1391464,C-V/00014,BIGCORP SL,"4472,16","52324,67",14/11/2025
6734-C-V/00015,14,ADG32 6734 LABOLAFIO SL,17/11/2025,1394542,C-V/00015,BIGCORP SL,"4232,58","56557,25",21/11/2025
6734-C-V/00016,15,ADG32 6734 LABOLAFIO SL,18/11/2025,1395430,C-V/00016,COMERCIAL CALCO SA,"3515,66","60072,91",21/11/2025
6734-C-V/00017,16,ADG32 6734 LABOLAFIO SL,19/11/2025,1396560,C-V/00017,COMERCIAL CALCO SA,"4508,46","64581,37",21/11/2025
6734-C-V/00018,17,ADG32 6734 LABOLAFIO SL,24/11/2025,1399596,C-V/00018,COMERCIAL CALCO SA,"4608,29","69189,66",28/11/2025
6734-C-V/00019,18,ADG32 6734 LABOLAFIO SL,25/11/2025,1400603,C-V/00019,BIGCORP SL,"4700,85","73890,51",28/11/2025
6734-C-V/00020,19,ADG32 6734 LABOLAFIO SL,26/11/2025,1401663,C-V/00020,BIGCORP SL,"4702,67","78593,18",28/11/2025
6734-C-V/00021,20,ADG32 6734 LABOLAFIO SL,01/12/2025,1404630,C-V/00021,BIGCORP SL,4670,"83263,18",05/12/2025
6734-C-V/00022,21,ADG32 6734 LABOLAFIO SL,02/12/2025,1405717,C-V/00022,COMERCIAL CALCO SA,"4169,06","87432,24",05/12/2025
6734-C-V/00023,22,ADG32 6734 LABOLAFIO SL,03/12/2025,1406720,C-V/00023,COMERCIAL CALCO SA,"3321,45","90753,69",05/12/2025
6734-C-V/00024,23,ADG32 6734 LABOLAFIO SL,08/12/2025,1409452,C-V/00024,BIGCORP SL,"3787,91","94541,60",12/12/2025
6734-C-V/00025,24,ADG32 6734 LABOLAFIO SL,09/12/2025,1410305,C-V/00025,COMERCIAL CALCO SA,"4541,13","99082,73",12/12/2025
6734-C-V/00026,25,ADG32 6734 LABOLAFIO SL,10/12/2025,1411464,C-V/00026,COMERCIAL CALCO SA,"4150,91","103233,64",12/12/2025
6734-C-V/00028,26,ADG32 6734 LABOLAFIO SL,15/12/2025,1414536,C-V/00028,BIGCORP SL,"3370,46","106604,10",19/12/2025
6734-C-V/00029,27,ADG32 6734 LABOLAFIO SL,16/12/2025,1415464,C-V/00029,BIGCORP SL,"4178,13","110782,23",19/12/2025
6734-C-V/00030,28,ADG32 6734 LABOLAFIO SL,17/12/2025,1416374,C-V/00030,BIGCORP SL,"4072,86","114855,09",19/12/2025
6746-C-V/00001,1,ADG32 6746 ELLADO SL,17/10/2025,1377480,C-V/00001,COMERCIAL CALCO SA,"3746,16","3746,16",24/10/2025
6746-C-V/00003,2,ADG32 6746 ELLADO SL,17/10/2025,1377481,C-V/00003,COMERCIAL CALCO SA,"4285,22","8031,38",24/10/2025
6746-C-V/00004,3,ADG32 6746 ELLADO SL,17/10/2025,1377482,C-V/00004,COMERCIAL CALCO SA,"3637,26","11668,64",24/10/2025
6746-C-V/00005,4,ADG32 6746 ELLADO SL,17/10/2025,1377483,C-V/00005,BIGCORP SL,"4684,52","16353,16",24/10/2025
6746-C-V/00007,5,ADG32 6746 ELLADO SL,27/10/2025,1381422,C-V/00007,BIGCORP SL,"4216,25","20569,41",31/10/2025
6746-C-V/00008,6,ADG32 6746 ELLADO SL,28/10/2025,1382124,C-V/00008,COMERCIAL CALCO SA,"4481,24","25050,65",31/10/2025
6746-C-V/00009,7,ADG32 6746 ELLADO SL,29/10/2025,1382662,C-V/00009,BIGCORP SL,"3611,86","28662,51",31/10/2025
6746-C-V/00010,8,ADG32 6746 ELLADO SL,03/11/2025,1385659,C-V/00010,COMERCIAL CALCO SA,"3869,58","32532,09",07/11/2025
6746-C-V/00011,9,ADG32 6746 ELLADO SL,04/11/2025,1386309,C-V/00011,BIGCORP SL,"3230,7","35762,79",07/11/2025
6746-C-V/00012,10,ADG32 6746 ELLADO SL,05/11/2025,1387149,C-V/00012,COMERCIAL CALCO SA,"4682,7","40445,49",07/11/2025
6746-C-V/00013,11,ADG32 6746 ELLADO SL,10/11/2025,1389652,C-V/00013,BIGCORP SL,"3461,21","43906,70",14/11/2025
6746-C-V/00014,12,ADG32 6746 ELLADO SL,11/11/2025,1390493,C-V/00014,BIGCORP SL,"4729,89","48636,59",14/11/2025
6746-C-V/00015,13,ADG32 6746 ELLADO SL,12/11/2025,1391431,C-V/00015,BIGCORP SL,"3913,15","52549,74",14/11/2025
6746-C-V/00018,14,ADG32 6746 ELLADO SL,17/11/2025,1394502,C-V/00018,BIGCORP SL,"3330,53","55880,27",21/11/2025
6746-C-V/00017,15,ADG32 6746 ELLADO SL,18/11/2025,1395396,C-V/00017,BIGCORP SL,"3737,09","59617,36",21/11/2025
6746-C-V/00016,16,ADG32 6746 ELLADO SL,19/11/2025,1396526,C-V/00016,COMERCIAL CALCO SA,"4123,68","63741,04",21/11/2025
6746-C-V/00022,17,ADG32 6746 ELLADO SL,24/11/2025,1399555,C-V/00022,COMERCIAL CALCO SA,"3221,63","66962,67",28/11/2025
6746-C-V/00020,18,ADG32 6746 ELLADO SL,25/11/2025,1400565,C-V/00020,BIGCORP SL,"3404,94","70367,61",28/11/2025
6746-C-V/00021,19,ADG32 6746 ELLADO SL,26/11/2025,1401633,C-V/00021,COMERCIAL CALCO SA,"4368,71","74736,32",28/11/2025
6746-C-V/00025,20,ADG32 6746 ELLADO SL,01/12/2025,1404595,C-V/00025,BIGCORP SL,"3960,34","78696,66",05/12/2025
6746-C-V/00024,21,ADG32 6746 ELLADO SL,02/12/2025,1405685,C-V/00024,BIGCORP SL,"3615,49","82312,15",05/12/2025
6746-C-V/00023,22,ADG32 6746 ELLADO SL,03/12/2025,1406689,C-V/00023,BIGCORP SL,"4475,8","86787,95",05/12/2025
6746-C-V/00026,23,ADG32 6746 ELLADO SL,08/12/2025,1409417,C-V/00026,COMERCIAL CALCO SA,"4762,56","91550,51",12/12/2025
6746-C-V/00027,24,ADG32 6746 ELLADO SL,09/12/2025,1410269,C-V/00027,BIGCORP SL,"4368,71","95919,22",12/12/2025
6746-C-V/00028,25,ADG32 6746 ELLADO SL,10/12/2025,1411436,C-V/00028,BIGCORP SL,"4357,82","100277,04",12/12/2025
6746-C-V/00031,26,ADG32 6746 ELLADO SL,15/12/2025,1414512,C-V/00031,COMERCIAL CALCO SA,"4653,67","104930,71",19/12/2025
6746-C-V/00032,27,ADG32 6746 ELLADO SL,16/12/2025,1415428,C-V/00032,COMERCIAL CALCO SA,"4263,44","109194,15",19/12/2025
6746-C-V/00033,28,ADG32 6746 ELLADO SL,17/12/2025,1416339,C-V/00033,BIGCORP SL,"3757,05","112951,20",19/12/2025
6777-C-V/00001,1,ADG32 6777 JGARCIA SL,17/10/2025,1377497,C-V/00001,COMERCIAL CALCO SA,"4581,06","4581,06",24/10/2025
6777-C-V/00002,2,ADG32 6777 JGARCIA SL,17/10/2025,1377498,C-V/00002,COMERCIAL CALCO SA,"4276,14","8857,20",24/10/2025
6777-C-V/00003,3,ADG32 6777 JGARCIA SL,17/10/2025,1377499,C-V/00003,COMERCIAL CALCO SA,"3738,9","12596,10",24/10/2025
6777-C-V/00004,4,ADG32 6777 JGARCIA SL,17/10/2025,1377500,C-V/00004,COMERCIAL CALCO SA,"3844,17","16440,27",24/10/2025
6777-C-V/00006,5,ADG32 6777 JGARCIA SL,27/10/2025,1381438,C-V/00006,BIGCORP SL,"3502,95","19943,22",31/10/2025
6777-C-V/00005,6,ADG32 6777 JGARCIA SL,28/10/2025,1382136,C-V/00005,COMERCIAL CALCO SA,"4493,94","24437,16",31/10/2025
6777-C-V/00007,7,ADG32 6777 JGARCIA SL,29/10/2025,1382665,C-V/00007,BIGCORP SL,"4544,76","28981,92",31/10/2025
6777-C-V/00009,8,ADG32 6777 JGARCIA SL,03/11/2025,1385672,C-V/00009,BIGCORP SL,"3216,18","32198,10",07/11/2025
6777-C-V/00010,9,ADG32 6777 JGARCIA SL,04/11/2025,1386316,C-V/00010,COMERCIAL CALCO SA,"3335,97","35534,07",07/11/2025
6777-C-V/00008,10,ADG32 6777 JGARCIA SL,05/11/2025,1387153,C-V/00008,BIGCORP SL,"4733,52","40267,59",07/11/2025
6777-C-V/00013,11,ADG32 6777 JGARCIA SL,10/11/2025,1389655,C-V/00013,COMERCIAL CALCO SA,"3826,02","44093,61",14/11/2025
6777-C-V/00011,12,ADG32 6777 JGARCIA SL,11/11/2025,1390500,C-V/00011,BIGCORP SL,"3473,91","47567,52",14/11/2025
6777-C-V/00012,13,ADG32 6777 JGARCIA SL,12/11/2025,1391434,C-V/00012,BIGCORP SL,"4697,22","52264,74",14/11/2025
6777-C-V/00016,14,ADG32 6777 JGARCIA SL,17/11/2025,1394508,C-V/00016,COMERCIAL CALCO SA,"4054,71","56319,45",21/11/2025
6777-C-V/00015,15,ADG32 6777 JGARCIA SL,18/11/2025,1395401,C-V/00015,BIGCORP SL,"4388,67","60708,12",21/11/2025
6777-C-V/00014,16,ADG32 6777 JGARCIA SL,19/11/2025,1396529,C-V/00014,COMERCIAL CALCO SA,"4345,11","65053,23",21/11/2025
6777-C-V/00019,17,ADG32 6777 JGARCIA SL,24/11/2025,1399565,C-V/00019,BIGCORP SL,"4795,23","69848,46",28/11/2025
6777-C-V/00017,18,ADG32 6777 JGARCIA SL,25/11/2025,1400574,C-V/00017,BIGCORP SL,"3796,98","73645,44",28/11/2025
6777-C-V/00018,19,ADG32 6777 JGARCIA SL,26/11/2025,1401636,C-V/00018,COMERCIAL CALCO SA,"3720,75","77366,19",28/11/2025
6777-C-V/00020,20,ADG32 6777 JGARCIA SL,01/12/2025,1404596,C-V/00020,BIGCORP SL,"3586,44","80952,63",05/12/2025
6777-C-V/00021,21,ADG32 6777 JGARCIA SL,02/12/2025,1405688,C-V/00021,COMERCIAL CALCO SA,"3212,55","84165,18",05/12/2025
6777-C-V/00022,22,ADG32 6777 JGARCIA SL,03/12/2025,1406693,C-V/00022,COMERCIAL CALCO SA,"4334,22","88499,40",05/12/2025
6777-C-V/00023,23,ADG32 6777 JGARCIA SL,08/12/2025,1409420,C-V/00023,BIGCORP SL,"3974,85","92474,25",12/12/2025
6777-C-V/00024,24,ADG32 6777 JGARCIA SL,09/12/2025,1410274,C-V/00024,BIGCORP SL,"3615,48","96089,73",12/12/2025
6777-C-V/00025,25,ADG32 6777 JGARCIA SL,10/12/2025,1411439,C-V/00025,COMERCIAL CALCO SA,"3905,88","99995,61",12/12/2025
6777-C-V/00030,26,ADG32 6777 JGARCIA SL,15/12/2025,1414515,C-V/00030,COMERCIAL CALCO SA,"3891,36","103886,97",19/12/2025
6777-C-V/00028,27,ADG32 6777 JGARCIA SL,16/12/2025,1415431,C-V/00028,BIGCORP SL,"3219,81","107106,78",19/12/2025
6777-C-V/00029,28,ADG32 6777 JGARCIA SL,17/12/2025,1416342,C-V/00029,BIGCORP SL,"3760,68","110867,46",19/12/2025
6792-C-V/00001,1,ADG32 6792 PCAPO SL,17/10/2025,1377613,C-V/00001,BIGCORP SL,"3392,24","3392,24",24/10/2025
6792-C-V/00004,2,ADG32 6792 PCAPO SL,17/10/2025,1377614,C-V/00004,BIGCORP SL,"3333,26","6725,50",24/10/2025
6792-C-V/00002,3,ADG32 6792 PCAPO SL,17/10/2025,1377615,C-V/00002,COMERCIAL CALCO SA,"4758,94","11484,44",24/10/2025
6792-C-V/00003,4,ADG32 6792 PCAPO SL,17/10/2025,1377616,C-V/00003,BIGCORP SL,"3652,7","15137,14",24/10/2025
6792-C-V/00008,5,ADG32 6792 PCAPO SL,27/10/2025,1381497,C-V/00008,COMERCIAL CALCO SA,"4405,92","19543,06",31/10/2025
6792-C-V/00007,6,ADG32 6792 PCAPO SL,28/10/2025,1382172,C-V/00007,BIGCORP SL,"3894,08","23437,14",31/10/2025
6792-C-V/00006,7,ADG32 6792 PCAPO SL,29/10/2025,1382718,C-V/00006,COMERCIAL CALCO SA,"3921,31","27358,45",31/10/2025
6792-C-V/00011,8,ADG32 6792 PCAPO SL,03/11/2025,1385764,C-V/00011,COMERCIAL CALCO SA,"4219,88","31578,33",07/11/2025
6792-C-V/00010,9,ADG32 6792 PCAPO SL,04/11/2025,1386382,C-V/00010,COMERCIAL CALCO SA,"3217,1","34795,43",07/11/2025
6792-C-V/00009,10,ADG32 6792 PCAPO SL,05/11/2025,1387196,C-V/00009,BIGCORP SL,"3621,84","38417,27",07/11/2025
6792-C-V/00012,11,ADG32 6792 PCAPO SL,10/11/2025,1389696,C-V/00012,COMERCIAL CALCO SA,"3734,38","42151,65",14/11/2025
6792-C-V/00013,12,ADG32 6792 PCAPO SL,11/11/2025,1390565,C-V/00013,COMERCIAL CALCO SA,"4582,88","46734,53",14/11/2025
6792-C-V/00014,13,ADG32 6792 PCAPO SL,12/11/2025,1391482,C-V/00014,BIGCORP SL,"3236,16","49970,69",14/11/2025
6792-C-V/00015,14,ADG32 6792 PCAPO SL,17/11/2025,1394558,C-V/00015,BIGCORP SL,"4542,04","54512,73",21/11/2025
6792-C-V/00016,15,ADG32 6792 PCAPO SL,18/11/2025,1395450,C-V/00016,BIGCORP SL,"4336,95","58849,68",21/11/2025
6792-C-V/00017,16,ADG32 6792 PCAPO SL,19/11/2025,1396575,C-V/00017,COMERCIAL CALCO SA,"3406,77","62256,45",21/11/2025
6792-C-V/00018,17,ADG32 6792 PCAPO SL,24/11/2025,1399610,C-V/00018,COMERCIAL CALCO SA,"3541,06","65797,51",28/11/2025
6792-C-V/00019,18,ADG32 6792 PCAPO SL,25/11/2025,1400622,C-V/00019,COMERCIAL CALCO SA,"3677,19","69474,70",28/11/2025
6792-C-V/00020,19,ADG32 6792 PCAPO SL,26/11/2025,1401682,C-V/00020,BIGCORP SL,"4204,46","73679,16",28/11/2025
6792-C-V/00021,20,ADG32 6792 PCAPO SL,01/12/2025,1404652,C-V/00021,BIGCORP SL,"3852,35","77531,51",05/12/2025
6792-C-V/00022,21,ADG32 6792 PCAPO SL,02/12/2025,1405728,C-V/00022,COMERCIAL CALCO SA,"4450,38","81981,89",05/12/2025
6792-C-V/00023,22,ADG32 6792 PCAPO SL,03/12/2025,1406739,C-V/00023,BIGCORP SL,"3660,86","85642,75",05/12/2025
6792-C-V/00024,23,ADG32 6792 PCAPO SL,08/12/2025,1409461,C-V/00024,COMERCIAL CALCO SA,"3988,46","89631,21",12/12/2025
6792-C-V/00025,24,ADG32 6792 PCAPO SL,09/12/2025,1410318,C-V/00025,COMERCIAL CALCO SA,"3553,78","93184,99",12/12/2025
6792-C-V/00026,25,ADG32 6792 PCAPO SL,10/12/2025,1411482,C-V/00026,BIGCORP SL,"4794,34","97979,33",12/12/2025
6792-1,26,ADG32 6792 PCAPO SL,15/12/2025,1414545,1,BIGCORP SL,"3834,19","101813,52",19/12/2025
6792-2,27,ADG32 6792 PCAPO SL,16/12/2025,1415475,2,BIGCORP SL,"4059,26","105872,78",19/12/2025
6792-3,28,ADG32 6792 PCAPO SL,17/12/2025,1416389,3,BIGCORP SL,"3904,98","109777,76",19/12/2025
6844-C-V/00001,1,ADG32 6844 TTRAMULLAS SL,17/10/2025,1377663,C-V/00001,COMERCIAL CALCO SA,"4040,2","4040,20",24/10/2025
6844-C-V/00002,2,ADG32 6844 TTRAMULLAS SL,17/10/2025,1377666,C-V/00002,BIGCORP SL,"4294,29","8334,49",24/10/2025
6844-C-V/00003,3,ADG32 6844 TTRAMULLAS SL,17/10/2025,1377667,C-V/00003,COMERCIAL CALCO SA,"4423,16","12757,65",24/10/2025
6844-C-V/00004,4,ADG32 6844 TTRAMULLAS SL,17/10/2025,1377668,C-V/00004,BIGCORP SL,"3649,97","16407,62",24/10/2025
6844-C-V/00005,5,ADG32 6844 TTRAMULLAS SL,27/10/2025,1381526,C-V/00005,BIGCORP SL,"4326,96","20734,58",31/10/2025
6844-C-V/00006,6,ADG32 6844 TTRAMULLAS SL,28/10/2025,1382199,C-V/00006,BIGCORP SL,"3924,04","24658,62",31/10/2025
6844-C-V/00007,7,ADG32 6844 TTRAMULLAS SL,29/10/2025,1382740,C-V/00007,COMERCIAL CALCO SA,"3564,66","28223,28",31/10/2025
6844-C-V/00010,8,ADG32 6844 TTRAMULLAS SL,03/11/2025,1385774,C-V/00010,COMERCIAL CALCO SA,"4259,81","32483,09",07/11/2025
6844-C-V/00011,9,ADG32 6844 TTRAMULLAS SL,04/11/2025,1386404,C-V/00011,BIGCORP SL,"3871,4","36354,49",07/11/2025
6844-C-V/00009,10,ADG32 6844 TTRAMULLAS SL,05/11/2025,1387219,C-V/00009,COMERCIAL CALCO SA,"4060,16","40414,65",07/11/2025
6844-C-V/00012,11,ADG32 6844 TTRAMULLAS SL,10/11/2025,1389707,C-V/00012,COMERCIAL CALCO SA,"4395,93","44810,58",14/11/2025
6844-C-V/00014,12,ADG32 6844 TTRAMULLAS SL,11/11/2025,1390584,C-V/00014,BIGCORP SL,"4421,35","49231,93",14/11/2025
6844-C-V/00013,13,ADG32 6844 TTRAMULLAS SL,12/11/2025,1391498,C-V/00013,BIGCORP SL,"3403,13","52635,06",14/11/2025
6844-C-V/00015,14,ADG32 6844 TTRAMULLAS SL,17/11/2025,1394573,C-V/00015,COMERCIAL CALCO SA,"4232,59","56867,65",21/11/2025
6844-C-V/00017,15,ADG32 6844 TTRAMULLAS SL,18/11/2025,1395485,C-V/00017,COMERCIAL CALCO SA,"4541,13","61408,78",21/11/2025
6844-C-V/00016,16,ADG32 6844 TTRAMULLAS SL,19/11/2025,1396596,C-V/00016,BIGCORP SL,"4599,21","66007,99",21/11/2025
6844-C-V/00018,17,ADG32 6844 TTRAMULLAS SL,24/11/2025,1399644,C-V/00018,COMERCIAL CALCO SA,"3551,96","69559,95",28/11/2025
6844-C-V/00019,18,ADG32 6844 TTRAMULLAS SL,25/11/2025,1400658,C-V/00019,BIGCORP SL,"3399,5","72959,45",28/11/2025
6844-C-V/00020,19,ADG32 6844 TTRAMULLAS SL,26/11/2025,1401705,C-V/00020,BIGCORP SL,"3268,82","76228,27",28/11/2025
6844-C-V/00021,20,ADG32 6844 TTRAMULLAS SL,01/12/2025,1404686,C-V/00021,BIGCORP SL,"4644,59","80872,86",05/12/2025
6844-C-V/00022,21,ADG32 6844 TTRAMULLAS SL,02/12/2025,1405738,C-V/00022,COMERCIAL CALCO SA,"4189,02","85061,88",05/12/2025
6844-C-V/00023,22,ADG32 6844 TTRAMULLAS SL,03/12/2025,1406761,C-V/00023,COMERCIAL CALCO SA,"4552,03","89613,91",05/12/2025
6844-C-V/00024,23,ADG32 6844 TTRAMULLAS SL,08/12/2025,1409471,C-V/00024,BIGCORP SL,"4675,45","94289,36",12/12/2025
6844-C-V/00025,24,ADG32 6844 TTRAMULLAS SL,09/12/2025,1410330,C-V/00025,COMERCIAL CALCO SA,"4381,42","98670,78",12/12/2025
6844-C-V/00026,25,ADG32 6844 TTRAMULLAS SL,10/12/2025,1411497,C-V/00026,BIGCORP SL,"3390,42","102061,20",12/12/2025
6844-C-V/00028,26,ADG32 6844 TTRAMULLAS SL,15/12/2025,1414555,C-V/00028,BIGCORP SL,"4121,87","106183,07",19/12/2025
6844-C-V/00029,27,ADG32 6844 TTRAMULLAS SL,16/12/2025,1415485,C-V/00029,BIGCORP SL,"4782,53","110965,60",19/12/2025
6844-C-V/00030,28,ADG32 6844 TTRAMULLAS SL,17/12/2025,1416400,C-V/00030,COMERCIAL CALCO SA,"4274,33","115239,93",19/12/2025